Station,Date,NO2_Mean,Traffic_Count,Temp,Precip,Wind_Gust,Wind_Dir
Ottawa Downtown,2022-02-02,22.479166666666668,540,-1.2,3.7,39.008756499930044,125.04995715102211
Ottawa Downtown,2022-02-03,5.308333333333334,502,-5.8,2.3,36.0,330.0
Ottawa Downtown,2022-02-04,5.083333333333333,370,-12.4,0.8,33.0,10.0
Ottawa Downtown,2022-02-05,8.308333333333334,328,-17.7,0.0,35.0,270.0
Ottawa Downtown,2022-02-06,16.754166666666666,374,-14.8,0.2,41.04483815741567,171.27500532260524
Ottawa Downtown,2022-02-07,18.3,488,-6.4,0.0,39.720190325013824,159.0842129556283
Ottawa Downtown,2022-02-08,14.216666666666667,507,-5.6,0.0,40.389816048350596,183.02633285846042
Ottawa Downtown,2022-02-09,19.037499999999998,484,-6.6,0.0,39.605842377243235,154.78236675049837
Ottawa Downtown,2022-02-10,11.887500000000003,589,0.6,0.9,37.0,250.0
Ottawa Downtown,2022-02-11,9.9375,645,1.6,3.0,52.0,190.0
Ottawa Downtown,2022-02-12,5.504166666666666,495,-8.4,1.0,44.0,300.0
Ottawa Downtown,2022-02-13,5.195833333333334,348,-18.4,0.0,43.59975492010889,241.79560391264468
Ottawa Downtown,2022-02-14,6.191666666666667,303,-18.8,0.0,32.0,270.0
Ottawa Downtown,2022-02-15,17.575,384,-13.9,0.6,40.858684206585664,165.26639855183615
Ottawa Downtown,2022-02-16,11.1,588,-4.4,0.0,57.0,200.0
Ottawa Downtown,2022-02-17,7.683333333333334,539,-0.6,19.4,52.0,10.0
Ottawa Downtown,2022-02-18,8.458333333333334,421,-13.0,2.5,52.0,10.0
Ottawa Downtown,2022-02-19,6.158333333333334,547,-9.2,2.9,64.0,290.0
Ottawa Downtown,2022-02-20,12.408333333333333,511,-7.1,0.0,46.0,220.0
Ottawa Downtown,2022-02-21,5.387499999999999,560,-0.9,0.0,37.0,90.0
Ottawa Downtown,2022-02-22,5.7124999999999995,515,-4.4,7.6,46.0,90.0
Ottawa Downtown,2022-02-23,5.483333333333333,493,-7.1,0.0,37.0,310.0
Ottawa Downtown,2022-02-24,5.779166666666668,418,-13.3,0.0,42.884632721546176,236.27176410838325
Ottawa Downtown,2022-02-25,9.241666666666665,336,-16.6,4.2,43.0,60.0
Ottawa Downtown,2022-02-26,17.349999999999998,401,-14.2,1.8,46.0,240.0
Ottawa Downtown,2022-02-27,5.654166666666666,522,-7.5,0.5,49.0,250.0
Ottawa Downtown,2022-02-28,8.924999999999999,396,-14.4,0.0,42.426208399240224,218.02168209592313
Ottawa Downtown,2022-03-01,14.766666666666666,370,-12.1,2.8,34.0,70.0
Ottawa Downtown,2022-03-02,11.113636363636363,467,-8.5,2.2,41.72506990187841,198.41283593799352
Ottawa Downtown,2022-03-03,5.654166666666666,414,-13.0,0.0,38.0,330.0
Ottawa Downtown,2022-03-04,18.412499999999998,412,-11.9,0.0,40.352527456460265,160.63449071871955
Ottawa Downtown,2022-03-05,12.016666666666666,472,-7.1,0.0,39.0,80.0
Ottawa Downtown,2022-03-06,7.270833333333333,729,5.6,4.0,58.0,260.0
Ottawa Downtown,2022-03-07,5.2875,556,-0.3,8.7,36.0,300.0
Ottawa Downtown,2022-03-08,6.4375,548,-4.3,0.9,43.0,280.0
Ottawa Downtown,2022-03-09,13.604166666666666,542,-2.2,0.0,35.0,230.0
Ottawa Downtown,2022-03-10,6.758333333333333,562,-0.4,0.0,32.0,230.0
Ottawa Downtown,2022-03-11,5.833333333333333,550,-2.1,7.3,42.90318605620167,217.41925847367628
Ottawa Downtown,2022-03-12,4.633333333333334,546,-5.6,4.1,50.0,300.0
Ottawa Downtown,2022-03-13,5.163636363636363,498,-7.8,0.0,42.0,280.0
Ottawa Downtown,2022-03-14,7.970833333333332,618,0.5,0.7,45.0,230.0
Ottawa Downtown,2022-03-15,13.199999999999998,602,1.1,0.0,39.78423692428149,186.36488547117125
Ottawa Downtown,2022-03-16,13.100000000000001,582,1.2,0.0,33.0,210.0
Ottawa Downtown,2022-03-17,15.458333333333334,670,6.3,0.0,38.743565376917346,170.8471615714079
Ottawa Downtown,2022-03-18,9.175,674,5.7,0.0,39.991495753703866,208.42737601791086
Ottawa Downtown,2022-03-19,4.1499999999999995,598,3.3,12.0,43.0,70.0
Ottawa Downtown,2022-03-20,5.875,645,4.4,2.5,35.0,340.0
Ottawa Downtown,2022-03-21,3.8541666666666665,664,2.4,0.0,47.0,290.0
Ottawa Downtown,2022-03-22,3.7374999999999994,620,0.8,0.0,40.0,330.0
Ottawa Downtown,2022-03-23,4.0249999999999995,552,0.4,13.8,43.0,90.0
Ottawa Downtown,2022-03-24,7.366666666666666,664,5.2,3.7,46.0,90.0
Ottawa Downtown,2022-03-25,7.575,660,5.7,1.2,36.0,240.0
Ottawa Downtown,2022-03-26,5.230769230769231,644,4.5,0.1,34.0,270.0
Ottawa Downtown,2022-03-27,6.456337470514596,555,-5.1,0.0,47.0,290.0
Ottawa Downtown,2022-03-28,7.261396515990769,459,-9.7,0.0,38.0,320.0
Ottawa Downtown,2022-03-29,4.130000000000001,525,-5.1,0.0,39.0,260.0
Ottawa Downtown,2022-03-30,9.066666666666666,536,-1.9,1.8,37.0,90.0
Ottawa Downtown,2022-03-31,8.045833333333334,716,6.5,1.3,49.0,230.0
Ottawa Downtown,2022-04-01,3.0583333333333336,687,2.6,0.0,51.0,340.0
Ottawa Downtown,2022-04-02,4.741666666666666,615,2.1,0.0,34.0,310.0
Ottawa Downtown,2022-04-03,6.004166666666666,613,3.3,1.4,37.0,80.0
Ottawa Downtown,2022-04-04,6.3500000000000005,670,5.0,0.0,40.603680609668906,225.49708624591284
Ottawa Downtown,2022-04-05,8.233333333333333,695,7.1,0.0,40.0015160448123,213.45836328329702
Ottawa Downtown,2022-04-06,3.5333333333333337,741,9.0,0.0,48.0,80.0
Ottawa Downtown,2022-04-07,4.7875000000000005,541,5.3,30.8,37.0,100.0
Ottawa Downtown,2022-04-08,8.987499999999999,619,4.1,10.7,42.20903803813663,189.64840796582513
Ottawa Downtown,2022-04-09,8.387500000000001,641,4.6,0.0,33.0,280.0
Ottawa Downtown,2022-04-10,2.0541666666666667,656,4.1,0.0,36.0,340.0
Ottawa Downtown,2022-04-11,8.716666666666667,631,5.2,0.4,31.0,180.0
Ottawa Downtown,2022-04-12,5.6000000000000005,798,12.0,0.0,46.0,300.0
Ottawa Downtown,2022-04-13,9.437500000000002,668,8.2,4.1,36.0,80.0
Ottawa Downtown,2022-04-14,5.354166666666667,704,7.882435587833896,2.707216159553217,40.95181141790152,225.05540278035843
Ottawa Downtown,2022-04-15,4.904166666666667,828,7.6,0.7,75.0,220.0
Ottawa Downtown,2022-04-16,1.9124999999999999,643,4.1,0.0,35.0,250.0
Ottawa Downtown,2022-04-17,2.3666666666666667,671,3.7,0.0,42.0,340.0
Ottawa Downtown,2022-04-18,4.091666666666666,646,5.0,3.6,41.0,80.0
Ottawa Downtown,2022-04-19,3.65,637,2.7,10.9,49.0,290.0
Ottawa Downtown,2022-04-20,4.279166666666667,729,4.9,0.0,55.0,300.0
Ottawa Downtown,2022-04-21,6.033333333333334,739,7.0,3.3,56.0,190.0
Ottawa Downtown,2022-04-22,3.179166666666667,705,6.9,0.0,40.0,300.0
Ottawa Downtown,2022-04-23,5.079166666666667,678,5.5,0.5,40.87536351425073,231.88744462865816
Ottawa Downtown,2022-04-24,2.7999999999999994,755,9.4,0.0,50.0,90.0
Ottawa Downtown,2022-04-25,5.091666666666668,730,13.2,9.6,32.0,290.0
Ottawa Downtown,2022-04-26,3.8125,1678,10.4,2.2,41.0,250.0
Ottawa Downtown,2022-04-27,1.7666666666666668,1034,3.5,10.1,48.0,320.0
Ottawa Downtown,2022-04-28,1.75,986,16.879433550038865,2.821589767109994,41.01957069983611,244.51310127449437
Ottawa Downtown,2022-04-29,3.079166666666667,1364,6.7,0.0,41.0,320.0
Ottawa Downtown,2022-04-30,3.204166666666667,1676,8.4,0.0,43.56998545649186,254.7504232476339
Ottawa Downtown,2022-05-01,3.9250000000000003,1369,10.7,0.0,42.17672732723467,245.31325846903042
Ottawa Downtown,2022-05-02,5.175000000000001,1379,11.8,0.7,41.94071272880802,236.09099922017478
Ottawa Downtown,2022-05-03,5.7875000000000005,1298,12.1,5.0,42.384448161499535,223.19013522408065
Ottawa Downtown,2022-05-04,2.6375,1106,12.4,2.4,35.0,360.0
Ottawa Downtown,2022-05-05,3.295833333333333,986,10.9,0.0,31.0,250.0
Ottawa Downtown,2022-05-06,2.704166666666667,1218,11.5,0.0,31.0,20.0
Ottawa Downtown,2022-05-07,2.35,864,9.9,0.0,38.0,80.0
Ottawa Downtown,2022-05-08,5.179166666666667,663,11.7,0.0,39.7287670040645,228.47244788904865
Ottawa Downtown,2022-05-09,6.05,885,12.5,0.0,38.0,80.0
Ottawa Downtown,2022-05-10,8.004166666666668,1040,15.8,0.0,39.664453995420835,214.1143459955424
Ottawa Downtown,2022-05-11,7.241666666666667,1105,17.2,0.0,39.76960413612709,218.63269902764972
Ottawa Downtown,2022-05-12,7.9375,1398,20.3,0.0,40.0053403985467,216.39744927115558
Ottawa Downtown,2022-05-13,6.091666666666668,881,20.6,0.0,42.0,210.0
Ottawa Downtown,2022-05-14,4.325,776,22.1,0.0,44.0,190.0
Ottawa Downtown,2022-05-15,4.158333333333333,628,20.9,28.3,35.0,220.0
Ottawa Downtown,2022-05-16,2.8874999999999997,1126,16.6,26.1,43.0,280.0
Ottawa Downtown,2022-05-17,1.7124999999999997,1230,11.4,2.5,48.0,290.0
Ottawa Downtown,2022-05-18,2.1625,1005,11.7,0.0,41.274337797922406,250.60577180348363
Ottawa Downtown,2022-05-19,6.824999999999999,1511,8.3,4.4,43.30614770366881,223.03977424983108
Ottawa Downtown,2022-05-20,4.033333333333333,1214,17.4,0.0,49.0,180.0
Ottawa Downtown,2022-05-21,4.683333333333334,811,23.3,13.0,93.0,260.0
Ottawa Downtown,2022-05-22,3.2541666666666664,46,14.2,2.2,38.0,280.0
Ottawa Downtown,2022-05-23,3.295833333333333,631,11.4,0.0,40.02461389178826,239.38829335987637
Ottawa Downtown,2022-05-24,4.304166666666667,1216,12.7,0.0,41.342826307544044,239.9997223621089
Ottawa Downtown,2022-05-25,5.208333333333333,1801,13.6,0.0,42.74361330703803,241.4582194759527
Ottawa Downtown,2022-05-26,4.816666666666666,1389,18.5,2.1,47.0,200.0
Ottawa Downtown,2022-05-27,3.5833333333333335,1156,19.8,14.9,42.0,200.0
Ottawa Downtown,2022-05-28,2.1041666666666665,1001,17.8,0.7,38.0,330.0
Ottawa Downtown,2022-05-29,3.0666666666666664,933,18.5,0.0,33.0,220.0
Ottawa Downtown,2022-05-30,5.008333333333333,1243,21.3,0.0,38.0,180.0
Ottawa Downtown,2022-05-31,3.625,1247,19.5,0.0,38.0,70.0
Ottawa Downtown,2022-06-01,4.570833333333334,1136,16.3,5.8,31.0,80.0
Ottawa Downtown,2022-06-02,3.9416666666666664,1379,16.1,0.7,41.47973927991858,240.90839157881632
Ottawa Downtown,2022-06-03,2.520833333333333,1138,18.0,4.8,43.0,200.0
Ottawa Downtown,2022-06-04,2.0791666666666666,967,14.5,0.0,46.0,260.0
Ottawa Downtown,2022-06-05,2.2875,685,15.1,0.0,32.0,280.0
Ottawa Downtown,2022-06-06,4.779166666666667,1376,15.1,3.7,42.063719948384446,230.84858538497534
Ottawa Downtown,2022-06-07,4.908333333333333,721,17.2,19.3,48.0,190.0
Ottawa Downtown,2022-06-08,2.1333333333333333,1052,19.2,0.0,35.0,300.0
Ottawa Downtown,2022-06-09,2.909090909090909,1138,16.7,13.2,31.0,50.0
Ottawa Downtown,2022-06-10,1.6833333333333336,1265,17.2,0.0,42.0,300.0
Ottawa Downtown,2022-06-11,2.5875,1288,18.0,0.0,37.0,200.0
Ottawa Downtown,2022-06-12,3.466666666666667,1174,18.0,3.6,41.230704976751355,234.59983940370313
Ottawa Downtown,2022-06-13,2.2041666666666666,1005,17.1,0.0,40.0,280.0
Ottawa Downtown,2022-06-14,2.7374999999999994,1077,19.7,0.0,36.0,350.0
Ottawa Downtown,2022-06-15,3.4499999999999997,1355,19.5,0.1,40.84041632900851,242.68457052363974
Ottawa Downtown,2022-06-16,4.266666666666667,1295,23.2,1.8,41.0,200.0
Ottawa Downtown,2022-06-17,1.75,1267,18.3,0.8,58.0,310.0
Ottawa Downtown,2022-06-18,0.6291666666666665,975,12.8,0.0,57.0,330.0
Ottawa Downtown,2022-06-19,1.1458333333333333,718,15.1,0.0,44.0,330.0
Ottawa Downtown,2022-06-20,2.5791666666666666,955,16.7,0.0,40.25672629849396,244.63012059405256
Ottawa Downtown,2022-06-21,5.5375000000000005,1210,15.4,14.4,43.481674642971875,203.98055569831723
Ottawa Downtown,2022-06-22,3.525,1321,21.4,0.2,32.0,170.0
Ottawa Downtown,2022-06-23,5.383333333333333,1228,18.2,2.4,40.77481130446845,226.07742922007773
Ottawa Downtown,2022-06-24,4.704166666666667,1308,20.6,0.0,40.28111710175252,234.2286405035317
Ottawa Downtown,2022-06-25,3.2541666666666664,759,22.8,0.0,38.5908555847775,234.66269362703338
Ottawa Downtown,2022-06-26,3.5,670,24.0,0.0,44.0,210.0
Ottawa Downtown,2022-06-27,1.6875,872,18.8,1.4,41.0,280.0
Ottawa Downtown,2022-06-28,1.8583333333333334,958,19.2,0.0,36.0,210.0
Ottawa Downtown,2022-06-29,3.9000000000000004,1079,16.6,1.3,33.0,260.0
Ottawa Downtown,2022-06-30,3.7624999999999997,1313,17.8,0.0,33.0,190.0
Ottawa Downtown,2022-07-01,3.2375000000000003,743,23.8,0.0,39.0,230.0
Ottawa Downtown,2022-07-02,1.425,939,21.9,0.0,45.0,280.0
Ottawa Downtown,2022-07-03,1.275,1136,19.2,0.0,39.0,300.0
Ottawa Downtown,2022-07-04,2.533333333333333,1332,20.4,0.0,32.0,280.0
Ottawa Downtown,2022-07-05,4.0375000000000005,1528,19.2,1.9,41.63799420633801,238.16220020189522
Ottawa Downtown,2022-07-06,1.7625,977,17.9,0.0,31.0,20.0
Ottawa Downtown,2022-07-07,2.6041666666666665,1027,18.2,0.0,40.223591980495776,244.51885897076204
Ottawa Downtown,2022-07-08,1.4958333333333336,100,19.4,0.0,35.0,320.0
Ottawa Downtown,2022-07-09,1.5833333333333333,738,17.1,0.0,39.740040653591784,247.57364308459864
Ottawa Downtown,2022-07-10,2.1458333333333335,732,20.6,0.0,43.0,200.0
Ottawa Downtown,2022-07-11,3.125,1403,22.7,1.2,45.0,200.0
Ottawa Downtown,2022-07-12,2.454166666666667,544,22.2,7.4,44.0,290.0
Ottawa Downtown,2022-07-13,2.275,1196,20.3,0.2,40.48139117710236,246.99587273714573
Ottawa Downtown,2022-07-14,3.0833333333333335,1244,19.7,0.0,36.0,360.0
Ottawa Downtown,2022-07-15,2.6875,1054,19.6,0.0,40.0644137802968,243.55646303456265
Ottawa Downtown,2022-07-16,2.3249999999999997,729,22.9,0.0,38.65583279429308,239.72709626579916
Ottawa Downtown,2022-07-17,2.9791666666666665,684,24.2,0.0,38.1988442087882,234.54292380484569
Ottawa Downtown,2022-07-18,5.125,896,21.0,20.4,42.91887303891831,187.9710837895589
Ottawa Downtown,2022-07-19,2.7875,1100,24.2,0.0,35.0,260.0
Ottawa Downtown,2022-07-20,3.875,1321,26.5,0.0,36.0,200.0
Ottawa Downtown,2022-07-21,2.579166666666667,1217,24.1,3.2,56.0,210.0
Ottawa Downtown,2022-07-22,2.2916666666666665,1268,23.7,0.0,43.0,210.0
Ottawa Downtown,2022-07-23,2.875,1055,24.8,1.3,40.0,190.0
Ottawa Downtown,2022-07-24,2.775,566,22.9,19.4,39.0,300.0
Ottawa Downtown,2022-07-25,1.7000000000000002,941,20.6,0.0,50.0,290.0
Ottawa Downtown,2022-07-26,1.9875,966,20.0,0.0,39.870727178185575,246.3653642571805
Ottawa Downtown,2022-07-27,2.7083333333333335,739,20.4,0.0,33.0,240.0
Ottawa Downtown,2022-07-28,4.116666666666666,1033,22.0,5.8,38.0,270.0
Ottawa Downtown,2022-07-29,1.6500000000000001,1109,21.1,0.0,40.0,250.0
Ottawa Downtown,2022-07-30,1.7791666666666668,756,20.0,0.0,39.295364009082604,244.9676681792497
Ottawa Downtown,2022-07-31,1.9000000000000001,570,21.3,0.0,37.0,200.0
Ottawa Downtown,2022-08-01,2.2916666666666665,539,23.1,0.0,49.0,190.0
Ottawa Downtown,2022-08-02,1.4375,1142,17.9,2.0,41.0,330.0
Ottawa Downtown,2022-08-03,3.1,1161,18.6,0.7,36.0,210.0
Ottawa Downtown,2022-08-04,4.716666666666666,1064,24.6,4.9,31.0,200.0
Ottawa Downtown,2022-08-05,1.6041666666666667,1050,23.4,0.0,39.644168173088104,247.72460286178398
Ottawa Downtown,2022-08-06,2.7541666666666664,992,25.0,0.0,34.0,200.0
Ottawa Downtown,2022-08-07,2.0166666666666666,647,25.8,55.9,66.0,280.0
Ottawa Downtown,2022-08-08,2.154166666666667,1008,17.7,43.0,48.71996948563652,166.34091660184146
Ottawa Downtown,2022-08-09,1.8916666666666666,1004,17.6,1.7,40.71289090386136,245.5946697196213
Ottawa Downtown,2022-08-10,2.433333333333333,763,20.4,3.884455854296172,39.891495045083566,233.64658921556682
Ottawa Downtown,2022-08-11,2.058333333333333,853,19.8,0.8502729829354059,37.0,330.0
Ottawa Downtown,2022-08-12,2.408333333333333,544,17.0,0.0046034311961733465,32.0,340.0
Ottawa Downtown,2022-08-13,2.9375,144,17.1,5.315822277322489,38.797582547496745,222.12090964182045
Ottawa Downtown,2022-08-14,3.1124999999999994,237,18.4,5.198291111941375,38.80745545331677,221.72158039691172
Ottawa Downtown,2022-08-15,2.495833333333333,750,19.8,3.85554157646316,39.9320925088425,233.51441388247716
Ottawa Downtown,2022-08-16,2.2875,537,21.5,4.660604397749898,39.234443433004934,229.58417262258095
Ottawa Downtown,2022-08-17,2.408333333333333,1455,22.2,5.542343456433093,38.0,40.0
Ottawa Downtown,2022-08-18,2.466666666666667,1100,21.7,0.0,35.0,340.0
Ottawa Downtown,2022-08-19,2.6750000000000003,907,22.9,3.757056390642149,39.84519503714376,232.81801108856473
Ottawa Downtown,2022-08-20,3.595833333333333,693,22.8,4.388569241218924,39.19258139085298,223.55869337073366
Ottawa Downtown,2022-08-21,3.6958333333333333,574,22.0,5.537059020128067,40.0,190.0
Ottawa Downtown,2022-08-22,3.8869565217391306,1012,21.3,3.0119210258909166,33.0,160.0
Ottawa Downtown,2022-08-23,2.3333333333333335,982,20.7,3.281475876990149,40.38358292544923,237.9426493513826
Ottawa Downtown,2022-08-24,2.420833333333333,1008,21.6,3.3104979327540023,40.30599608018101,237.17686988054663
Ottawa Downtown,2022-08-25,2.0083333333333333,1022,17.18526253098109,2.7583911614406014,41.01680057170438,243.3779513430987
Ottawa Downtown,2022-08-26,2.9500000000000006,1164,17.6,0.0,36.0,330.0
Ottawa Downtown,2022-08-27,1.9791666666666667,455,16.9,0.0,38.87382427432333,241.80209159439562
Ottawa Downtown,2022-08-28,3.779166666666667,581,18.1,0.0,38.724249831920844,232.0376306599864
Ottawa Downtown,2022-08-29,4.495833333333334,707,23.1,1.8,62.0,220.0
Ottawa Downtown,2022-08-30,3.3666666666666667,941,22.6,5.4,34.0,240.0
Ottawa Downtown,2022-08-31,2.2375000000000003,909,17.9,20.1,51.0,310.0
Ottawa Downtown,2022-09-01,3.329166666666667,1238,13.4,0.0,38.0,300.0
Ottawa Downtown,2022-09-02,4.933333333333334,944,16.9,0.0,33.0,190.0
Ottawa Downtown,2022-09-03,3.5083333333333333,795,20.8,22.5,42.0,260.0
Ottawa Downtown,2022-09-04,2.0208333333333335,650,15.4,0.0,36.0,360.0
Ottawa Downtown,2022-09-05,1.9458333333333335,585,16.4,0.0,39.33903932600247,243.91606204578216
Ottawa Downtown,2022-09-06,2.1333333333333333,1204,17.5,0.0,40.9372106070044,249.92557132323802
Ottawa Downtown,2022-09-07,2.5749999999999997,1184,18.9,0.0,40.575827273240215,246.25421886469414
Ottawa Downtown,2022-09-08,4.283333333333334,743,19.3,0.0,38.91476492613402,230.39150464476867
Ottawa Downtown,2022-09-09,4.695833333333333,1198,19.1,0.0,40.200279806482406,233.76530904542827
Ottawa Downtown,2022-09-10,5.208333333333334,567,20.7,0.0,38.010260113967426,221.90627206259717
Ottawa Downtown,2022-09-11,3.9583333333333335,690,19.3,0.0,38.81895354843424,231.65065802580182
Ottawa Downtown,2022-09-12,4.0,964,19.2,0.2,39.66634890890198,234.51760343389245
Ottawa Downtown,2022-09-13,3.0750000000000006,1005,18.8,6.6,41.26631775469577,228.6954845186386
Ottawa Downtown,2022-09-14,1.5458333333333334,1220,15.0,2.9,38.0,320.0
Ottawa Downtown,2022-09-15,1.4749999999999999,793,11.6,0.0,40.795946141548484,252.0759192416026
Ottawa Downtown,2022-09-16,2.091666666666667,1115,12.5,0.1,41.500493595979684,251.75316615195004
Ottawa Downtown,2022-09-17,4.0249999999999995,935,13.1,0.0,40.509322001421964,237.90110303112027
Ottawa Downtown,2022-09-18,3.9875000000000003,431,16.4,10.0,36.0,100.0
Ottawa Downtown,2022-09-19,3.633333333333333,808,12.0,9.2,42.179883253948205,221.95538131998785
Ottawa Downtown,2022-09-20,3.079166666666667,1155,13.8,1.6,41.523933216877,242.83957621908425
Ottawa Downtown,2022-09-21,4.566666666666666,1178,17.1,3.6,33.0,200.0
Ottawa Downtown,2022-09-22,1.2041666666666666,1331,12.4,0.0,52.0,350.0
Ottawa Downtown,2022-09-23,1.4749999999999999,1121,9.0,0.0,45.0,350.0
Ottawa Downtown,2022-09-24,3.695833333333333,622,11.6,0.0,39.893959737454125,236.79341478859578
Ottawa Downtown,2022-09-25,4.395833333333333,732,13.5,0.2,39.82471453922146,232.5572199791821
Ottawa Downtown,2022-09-26,4.0125,1215,14.7,4.0,36.0,210.0
Ottawa Downtown,2022-09-27,2.875,1461,13.8,0.1,42.161693202700654,250.70226975926792
Ottawa Downtown,2022-09-28,1.3,1431,11.7,0.0,34.0,320.0
Ottawa Downtown,2022-09-29,2.3874999999999997,1054,8.9,0.0,41.8224026027444,251.50323087184535
Ottawa Downtown,2022-09-30,5.5,675,10.1,0.0,39.96036760554365,227.647262030868
Ottawa Downtown,2022-10-01,2.5041666666666664,630,11.8,0.0,34.0,10.0
Ottawa Downtown,2022-10-02,2.1083333333333334,278,7.5,0.0,31.0,40.0
Ottawa Downtown,2022-10-03,6.033333333333334,366,8.1,0.0,39.27988993766729,221.7746844206418
Ottawa Downtown,2022-10-04,9.016666666666666,724,9.0,0.0,39.64087529117797,208.08747515414538
Ottawa Downtown,2022-10-05,10.241666666666665,801,12.9,0.0,39.022624592268805,199.55417454212886
Ottawa Downtown,2022-10-06,8.579166666666667,1258,14.9,0.0,40.33997800101026,213.9618043173366
Ottawa Downtown,2022-10-07,2.15,1415,8.4,2.0,40.0,300.0
Ottawa Downtown,2022-10-08,2.6333333333333333,912,4.5,0.1,36.0,270.0
Ottawa Downtown,2022-10-09,3.5875,655,6.7,0.3,40.0,270.0
Ottawa Downtown,2022-10-10,5.854166666666667,553,5.7,0.0,40.24048004227964,226.5614170652252
Ottawa Downtown,2022-10-11,8.508333333333335,895,8.6,0.0,40.29601148881101,213.46788205698476
Ottawa Downtown,2022-10-12,12.570833333333333,1335,11.6,0.0,40.36637435920014,193.21111836748383
Ottawa Downtown,2022-10-13,6.366666666666667,1025,13.9,9.2,64.0,240.0
Ottawa Downtown,2022-10-14,6.795833333333334,921,9.9,0.3,46.0,190.0
Ottawa Downtown,2022-10-15,4.520833333333333,923,10.7,0.0,47.0,220.0
Ottawa Downtown,2022-10-16,6.091666666666666,762,7.7,0.0,40.48920682305314,226.62042474025293
Ottawa Downtown,2022-10-17,8.791666666666666,726,8.2,15.5,42.83942083281326,180.74689981901813
Ottawa Downtown,2022-10-18,7.154166666666668,1100,6.3,0.0,41.506303497675056,225.37484022867653
Ottawa Downtown,2022-10-19,6.879166666666666,1090,12.626154238915888,2.1642003896803166,40.941954970036676,219.15648251263633
Ottawa Downtown,2022-10-20,4.6375,1310,5.7,0.1,49.0,230.0
Ottawa Downtown,2022-10-21,7.583333333333333,986,6.7,0.0,39.0,200.0
Ottawa Downtown,2022-10-22,8.129166666666666,611,12.0,0.0,38.0,190.0
Ottawa Downtown,2022-10-23,10.933333333333332,550,12.0,0.0,38.30764410498576,192.8367626841549
Ottawa Downtown,2022-10-24,10.408333333333333,742,12.9,0.0,38.82013864282833,197.82899581593966
Ottawa Downtown,2022-10-25,9.9625,1253,15.6,0.0,39.96308329184337,205.31027676370596
Ottawa Downtown,2022-10-26,5.558333333333334,1166,16.5,0.2,53.0,310.0
Ottawa Downtown,2022-10-27,2.75,954,3.7,0.0,54.0,300.0
Ottawa Downtown,2022-10-28,11.5625,863,2.7,0.0,40.58811573016263,198.39871482699738
Ottawa Downtown,2022-10-29,10.929166666666665,550,6.1,0.0,39.24776149357415,196.26449055950505
Ottawa Downtown,2022-10-30,13.237500000000002,570,7.5,0.0,38.664675440146176,182.04915214052568
Ottawa Downtown,2022-10-31,17.625,1172,8.2,0.7,39.6518829775614,161.90832915350103
Ottawa Downtown,2022-11-01,8.158333333333333,933,11.8,0.0,39.96094363688893,214.16906415672292
Ottawa Downtown,2022-11-02,11.529166666666667,722,8.8,0.0,39.2112750730021,193.31139021520067
Ottawa Downtown,2022-11-03,10.216666666666667,1046,8.7,0.0,40.41118765904102,205.19342429278902
Ottawa Downtown,2022-11-04,8.691666666666666,976,11.4,0.0,41.0,200.0
Ottawa Downtown,2022-11-05,3.141666666666667,342,18.9,0.0,48.0,190.0
Ottawa Downtown,2022-11-06,3.1458333333333335,533,17.5,2.3,61.0,180.0
Ottawa Downtown,2022-11-07,2.9250000000000007,725,9.5,0.0,56.0,280.0
Ottawa Downtown,2022-11-08,3.9791666666666665,916,1.4,0.0,38.0,330.0
Ottawa Downtown,2022-11-09,11.379166666666668,1107,2.9,0.0,41.30192938803142,202.42440719326794
Ottawa Downtown,2022-11-10,8.299999999999999,1299,12.7,0.0,43.0,220.0
Ottawa Downtown,2022-11-11,6.650000000000001,1114,12.5,21.4,44.82728570960168,184.69985355180273
Ottawa Downtown,2022-11-12,2.0124999999999997,876,8.8,2.4,42.0,300.0
Ottawa Downtown,2022-11-13,1.4791666666666667,744,1.1,0.0,38.0,300.0
Ottawa Downtown,2022-11-14,2.8208333333333333,1059,-0.6,0.0,34.0,290.0
Ottawa Downtown,2022-11-15,4.595833333333334,934,-1.8,0.0,33.0,90.0
Ottawa Downtown,2022-11-16,4.208333333333333,377,-0.8,5.6,32.0,80.0
Ottawa Downtown,2022-11-17,3.3874999999999993,712,-5.5,0.1,43.0,300.0
Ottawa Downtown,2022-11-18,12.525,561,-6.2,1.1,41.16347336814995,191.98501172267015
Ottawa Downtown,2022-11-19,16.2,499,-4.5,0.7,42.0,210.0
Ottawa Downtown,2022-11-20,3.813043478260869,297,-7.9,0.1,59.0,270.0
Ottawa Downtown,2022-11-21,8.116666666666667,662,-3.4,0.0,53.0,300.0
Ottawa Downtown,2022-11-22,9.216666666666667,702,-4.3,0.1,31.0,310.0
Ottawa Downtown,2022-11-23,13.541666666666666,1150,-0.4,0.0,41.56074673405848,192.0709750013347
Ottawa Downtown,2022-11-24,12.275,1087,0.2,0.0,41.51096671964722,198.43061123203114
Ottawa Downtown,2022-11-25,9.129166666666666,1058,1.6,4.9,43.0,290.0
Ottawa Downtown,2022-11-26,6.258333333333333,550,5.5,0.0,44.0,220.0
Ottawa Downtown,2022-11-27,8.104166666666666,633,5.2,1.6,40.45787144433023,211.52878571356837
Ottawa Downtown,2022-11-28,2.3958333333333335,1026,1.2,0.0,42.0,320.0
Ottawa Downtown,2022-11-29,6.900000000000001,1193,-0.4,0.0,42.89065964651656,231.90813561585708
Ottawa Downtown,2022-11-30,5.4875,745,3.4,22.2,68.0,260.0
Ottawa Downtown,2022-12-01,3.9,914,-1.7,0.0,55.0,290.0
Ottawa Downtown,2022-12-02,10.941666666666668,1058,-0.5,0.4,35.0,190.0
Ottawa Downtown,2022-12-03,4.704166666666667,678,3.5,4.0,69.0,280.0
Ottawa Downtown,2022-12-04,5.2749999999999995,658,-1.7,0.0,40.0,220.0
Ottawa Downtown,2022-12-05,9.175,826,2.7,0.0,39.0,210.0
Ottawa Downtown,2022-12-06,12.424999999999999,981,3.5,2.1,41.05864606640874,190.36143619992518
Ottawa Downtown,2022-12-07,5.941666666666666,986,4.1,5.6,42.83632940072378,221.85554060392366
Ottawa Downtown,2022-12-08,3.725,875,0.2,0.0,42.44239812386457,246.36527120454667
Ottawa Downtown,2022-12-09,3.779166666666667,525,-4.4,0.0,32.0,360.0
Ottawa Downtown,2022-12-10,3.6041666666666665,530,-7.2,0.0,41.0,80.0
Ottawa Downtown,2022-12-11,4.604166666666667,215,-6.6,4.0,38.0,80.0
Ottawa Downtown,2022-12-12,5.925,302,-6.5,0.0,41.437194930145274,230.03521017442847
Ottawa Downtown,2022-12-13,4.733333333333333,205,-6.9,0.0,43.0,360.0
Ottawa Downtown,2022-12-14,6.920833333333333,273,-5.5,0.0,34.0,340.0
Ottawa Downtown,2022-12-15,5.133333333333333,1219,-0.3,0.4,47.0,90.0
Ottawa Downtown,2022-12-16,3.795833333333333,113,-0.3,12.6,49.0,80.0
Ottawa Downtown,2022-12-17,10.437499999999998,186,-0.6,2.7,39.86772694428704,193.39961694605245
Ottawa Downtown,2022-12-18,8.6875,271,-3.7,0.0,40.39994753250935,211.6862602172636
Ottawa Downtown,2022-12-19,6.716666666666666,505,-3.3,0.0,41.37685707468816,226.04792438837887
Ottawa Downtown,2022-12-20,6.2250000000000005,299,-6.1,0.1,41.32986292490091,227.80370603009885
Ottawa Downtown,2022-12-21,13.370833333333332,678,-6.1,0.0,41.0,250.0
Ottawa Downtown,2022-12-22,7.6125,708,-6.4,6.8,43.0,90.0
Ottawa Downtown,2022-12-23,5.304166666666667,101,-3.8,21.4,76.0,80.0
Ottawa Downtown,2022-12-24,5.7,69,-10.271192854190282,0.0,66.0,230.0
Ottawa Downtown,2022-12-25,4.541666666666667,107,-3.6137594021266537,0.0,48.0,220.0
Ottawa Downtown,2022-12-26,6.895833333333333,218,-0.2567298890933767,0.0,31.0,230.0
Ottawa Downtown,2022-12-27,8.808333333333332,212,-4.8541805197393515,0.3,40.44807292960726,210.333641717866
Ottawa Downtown,2022-12-28,15.691666666666668,102,-13.081736743596906,11.0,42.27657995619219,152.84424748257476
Ottawa Downtown,2022-12-29,16.650000000000002,299,1.0,0.0,38.28951659150971,162.21216786431177
Ottawa Downtown,2022-12-30,14.85,337,6.7,3.9,31.0,210.0
Ottawa Downtown,2022-12-31,16.65833333333333,28,4.5,24.4,41.700715746397925,110.84868806675058
Ottawa Downtown,2023-01-01,5.058333333333334,353,2.1,0.0,40.37401816737613,230.84165089280995
Ottawa Downtown,2023-01-02,8.704166666666666,431,2.7,0.2,31.0,270.0
Ottawa Downtown,2023-01-03,12.095833333333331,835,1.6,0.5,40.6823525906377,194.5861551740101
Ottawa Downtown,2023-01-04,5.279166666666666,735,0.9,12.0,46.0,80.0
Ottawa Downtown,2023-01-05,5.783333333333334,535,-1.7,1.0,41.57408352415171,229.1421495093437
Ottawa Downtown,2023-01-06,13.654166666666667,311,-0.4,5.1,40.08587080771673,171.30219977856288
Ottawa Downtown,2023-01-07,2.75,293,-6.5,0.0,41.98665526977588,248.70886466591193
Ottawa Downtown,2023-01-08,6.879166666666667,227,-9.1,0.0,41.459148403788646,224.94966439112963
Ottawa Downtown,2023-01-09,7.925,247,-2.2,1.2,37.0,330.0
Ottawa Downtown,2023-01-10,5.979166666666667,508,-8.4,0.1,42.35085447007349,233.20278981587222
Ottawa Downtown,2023-01-11,8.4,411,-10.9,0.0,42.007181956677584,219.29389233843725
Ottawa Downtown,2023-01-12,9.170833333333334,270,-3.9222496427340836,2.7179901635647354,40.87519408788894,203.82908393039327
Ottawa Downtown,2023-01-13,4.3125,147,-5.4,13.0,32.0,350.0
Ottawa Downtown,2023-01-14,4.916666666666667,204,-11.7,0.0,42.16182033946514,237.7732901727166
Ottawa Downtown,2023-01-15,6.629166666666666,137,-12.4,0.4,41.845165548582855,226.45253357511206
Ottawa Downtown,2023-01-16,10.804166666666667,280,-10.9,0.0,41.18873965686578,203.42763799691832
Ottawa Downtown,2023-01-17,29.57916666666667,645,-9.0,2.9,39.113251988195856,90.3570295263744
Ottawa Downtown,2023-01-18,11.9625,373,-1.2,1.0,39.90098429418568,190.26263313753248
Ottawa Downtown,2023-01-19,5.916666666666667,511,-2.2,4.7,48.0,70.0
Ottawa Downtown,2023-01-20,6.733333333333333,315,-2.0,2.5,32.0,70.0
Ottawa Downtown,2023-01-21,6.054166666666667,219,-5.0,0.0,32.0,270.0
Ottawa Downtown,2023-01-22,11.2125,166,-1.7,2.1,39.72685460529265,190.32663239929272
Ottawa Downtown,2023-01-23,5.329166666666667,442,-1.2,0.1,41.12968066570216,232.06922122381593
Ottawa Downtown,2023-01-24,5.479166666666667,457,-3.3,0.7,42.0,220.0
Ottawa Downtown,2023-01-25,6.608333333333334,466,-9.1,11.0,42.0,80.0
Ottawa Downtown,2023-01-26,5.878260869565217,229,-6.1,6.5,38.0,70.0
Ottawa Downtown,2023-01-27,10.995833333333332,402,-7.0,0.2,41.0,190.0
Ottawa Downtown,2023-01-28,5.650000000000001,359,-2.3,0.5,51.0,280.0
Ottawa Downtown,2023-01-29,5.608333333333333,68,-8.5,8.7,41.0,80.0
Ottawa Downtown,2023-01-30,11.779166666666669,287,-12.4,2.1,41.680972790933644,194.66096850257134
Ottawa Downtown,2023-01-31,14.483333333333333,246,-16.0,0.0,31.0,340.0
Ottawa Downtown,2023-02-01,19.979166666666664,288,-14.6,0.0,39.0,230.0
Ottawa Downtown,2023-02-02,10.299999999999999,484,-8.6,0.0,57.0,310.0
Ottawa Downtown,2023-02-03,2.154166666666667,287,-22.4,0.0,56.0,310.0
Ottawa Downtown,2023-02-04,7.366666666666667,166,-26.1,0.1,43.91879368280053,230.9184208044834
Ottawa Downtown,2023-02-05,13.7125,119,-12.7,2.5,40.96569595594292,180.5377339509462
Ottawa Downtown,2023-02-06,8.221739130434782,72,-10.6,0.1,34.0,340.0
Ottawa Downtown,2023-02-07,19.408333333333335,272,-8.5,3.6,39.92550679758974,144.26024981393252
Ottawa Downtown,2023-02-08,13.541666666666666,288,-0.4,0.0,39.0439479242299,181.2738151893693
Ottawa Downtown,2023-02-09,14.275,304,-4.8,16.0,32.0,80.0
Ottawa Downtown,2023-02-10,5.825,630,0.8,5.4,49.0,290.0
Ottawa Downtown,2023-02-11,4.479166666666667,448,-4.4,0.1,44.0,220.0
Ottawa Downtown,2023-02-12,9.212499999999999,206,0.2,0.0,31.0,220.0
Ottawa Downtown,2023-02-13,12.079166666666666,360,-1.0,0.0,39.61489816715901,191.17531286797012
Ottawa Downtown,2023-02-14,8.137500000000001,317,1.9,0.0,39.742391105925684,212.286741144072
Ottawa Downtown,2023-02-15,13.133333333333333,688,4.7,2.4,57.0,270.0
Ottawa Downtown,2023-02-16,3.954166666666667,691,1.5,1.9,38.0,280.0
Ottawa Downtown,2023-02-17,4.0874999999999995,372,-9.6,10.2,42.0,340.0
Ottawa Downtown,2023-02-18,10.120833333333332,707,-9.0,0.0,35.0,240.0
Ottawa Downtown,2023-02-19,10.666666666666666,456,1.2,0.0,42.0,220.0
Ottawa Downtown,2023-02-20,5.1000000000000005,288,-2.9,0.1,44.0,320.0
Ottawa Downtown,2023-02-21,9.904166666666667,216,-9.8,2.6,38.0,80.0
Ottawa Downtown,2023-02-22,3.8000000000000007,400,-10.3,0.1,33.0,70.0
Ottawa Downtown,2023-02-23,5.583333333333333,90,-10.3,4.0,46.0,90.0
Ottawa Downtown,2023-02-24,4.283333333333333,202,-15.3,0.1,38.0,280.0
Ottawa Downtown,2023-02-25,14.908333333333337,218,-18.2,0.7,41.56234211380805,181.26055803992398
Ottawa Downtown,2023-02-26,10.975,234,-8.8,4.8,41.62573548054965,191.59968423813638
Ottawa Downtown,2023-02-27,7.904166666666666,250,-10.2,0.0,40.0,80.0
Ottawa Downtown,2023-02-28,8.441666666666666,266,-3.7,10.4,41.0,80.0
Ottawa Downtown,2023-03-01,16.608333333333334,617,-4.4,0.0,40.085298121254546,169.5565610653228
Ottawa Downtown,2023-03-02,5.495833333333333,341,-2.1,2.3,38.0,350.0
Ottawa Downtown,2023-03-03,7.629166666666667,488,-8.8,1.5,37.0,90.0
Ottawa Downtown,2023-03-04,6.570833333333333,98,-3.1,13.2,43.0,70.0
Ottawa Downtown,2023-03-05,9.300000000000002,305,0.7,0.0,39.687609463100344,205.95010340186954
Ottawa Downtown,2023-03-06,3.891666666666667,213,0.2,0.0,41.0,340.0
Ottawa Downtown,2023-03-07,2.170833333333333,643,-4.2,0.0,48.0,330.0
Ottawa Downtown,2023-03-08,2.4625,230,-2.1,0.0,41.0,330.0
Ottawa Downtown,2023-03-09,2.8375,414,-1.5,0.1,35.0,320.0
Ottawa Downtown,2023-03-10,5.7250000000000005,635,-3.5,0.0,41.96808709810982,233.6592886146979
Ottawa Downtown,2023-03-11,4.645833333333333,353,-1.4,0.0,41.00606729199739,235.30117441987147
Ottawa Downtown,2023-03-12,8.022727272727273,515,-3.7,0.0,41.23290565482672,218.67597439530851
Ottawa Downtown,2023-03-13,10.095833333333333,310,0.0,3.6,40.37181810900975,194.9352942603958
Ottawa Downtown,2023-03-14,4.160869565217391,590,0.3,8.0,45.0,330.0
Ottawa Downtown,2023-03-15,5.194120800360006,576,-0.9,0.0,47.0,330.0
Ottawa Downtown,2023-03-16,9.5375,734,0.8,1.3,36.0,300.0
Ottawa Downtown,2023-03-17,10.108333333333334,802,3.1,8.7,43.0,250.0
Ottawa Downtown,2023-03-18,4.179166666666666,727,-1.3,0.2,48.0,220.0
Ottawa Downtown,2023-03-19,3.8625000000000003,651,-6.0,0.0,57.0,290.0
Ottawa Downtown,2023-03-20,7.429166666666667,576,-0.1,0.0,41.0,240.0
Ottawa Downtown,2023-03-21,8.208333333333334,1191,0.7,0.0,42.472438656355216,223.50724120929874
Ottawa Downtown,2023-03-22,4.3,1029,-2.0,0.1,33.0,80.0
Ottawa Downtown,2023-03-23,9.200000000000001,594,0.9,10.0,42.4690120028513,191.23451407891605
Ottawa Downtown,2023-03-24,4.295833333333334,1231,-1.5,0.0,31.0,340.0
Ottawa Downtown,2023-03-25,5.824999999999999,1068,-1.1,9.3,52.0,100.0
Ottawa Downtown,2023-03-26,3.7916666666666665,906,2.8,0.4,51.0,280.0
Ottawa Downtown,2023-03-27,9.754166666666665,744,1.6,0.0,36.0,10.0
Ottawa Downtown,2023-03-28,4.109090909090909,788,-1.6,0.0,42.40531840315107,244.0411054449929
Ottawa Downtown,2023-03-29,11.108333333333334,832,-0.3,1.2,61.0,210.0
Ottawa Downtown,2023-03-30,4.7875,876,-4.0,0.0,40.0,280.0
Ottawa Downtown,2023-03-31,9.666666666666666,650,-2.2,4.1,32.0,70.0
Ottawa Downtown,2023-04-01,4.416666666666667,472,2.1,15.2,51.0,350.0
Ottawa Downtown,2023-04-02,2.9916666666666667,171,-4.2,0.0,43.0,330.0
Ottawa Downtown,2023-04-03,10.200000000000001,765,3.2,0.7,31.0,230.0
Ottawa Downtown,2023-04-04,5.8052631578947365,742,3.1,0.0,31.0,60.0
Ottawa Downtown,2023-04-05,3.579166666666667,394,-0.8,28.9,46.86296493725833,187.41382157683134
Ottawa Downtown,2023-04-06,9.754545454545456,556,5.0,0.3,39.71195409192399,203.35996120280913
Ottawa Downtown,2023-04-07,2.204166666666667,547,0.8,0.0,54.0,310.0
Ottawa Downtown,2023-04-08,5.458333333333333,569,-0.3,0.0,41.31425711678974,232.56471614717515
Ottawa Downtown,2023-04-09,5.645833333333333,539,3.1,0.0,40.65133809121093,229.11841929722442
Ottawa Downtown,2023-04-10,7.133333333333333,54,8.7,0.0,40.0,210.0
Ottawa Downtown,2023-04-11,5.516666666666667,864,14.1,0.0,55.0,280.0
Ottawa Downtown,2023-04-12,3.733333333333333,857,13.4,0.0,40.28670896653128,238.47684367657516
Ottawa Downtown,2023-04-13,7.858333333333334,767,17.2,0.0,36.0,270.0
Ottawa Downtown,2023-04-14,2.975,685,16.3,0.0,39.46030905558818,239.13676173531812
Ottawa Downtown,2023-04-15,3.3250000000000006,126,16.4,0.0,37.74879691714041,230.0062718864562
Ottawa Downtown,2023-04-16,3.820833333333333,509,17.0,0.0,38.681609619189516,231.52371061881252
Ottawa Downtown,2023-04-17,3.9125,892,9.7,7.4,48.0,240.0
Ottawa Downtown,2023-04-18,3.5625,860,4.4,2.9,46.0,210.0
Ottawa Downtown,2023-04-19,1.7791666666666668,869,2.8,0.1,45.0,290.0
Ottawa Downtown,2023-04-20,1.7250000000000003,608,5.5,0.0,41.18166881932009,251.79785264494157
Ottawa Downtown,2023-04-21,2.595833333333333,908,8.9,0.0,46.0,80.0
Ottawa Downtown,2023-04-22,3.2374999999999994,748,17.2,4.9,52.0,200.0
Ottawa Downtown,2023-04-23,3.1999999999999997,717,9.8,0.3,40.60636931344558,241.3910590945319
Ottawa Downtown,2023-04-24,3.404347826086956,865,7.1,2.8,41.91913816308211,238.89011793255574
Ottawa Downtown,2023-04-25,4.033333333333333,878,6.6,0.0,40.0,220.0
Ottawa Downtown,2023-04-26,6.820833333333333,921,4.6,0.9,41.490400218527576,224.3925420896324
Ottawa Downtown,2023-04-27,4.616666666666666,970,8.2,0.0,41.28437044120478,237.6649093883092
Ottawa Downtown,2023-04-28,4.341666666666666,808,11.5,0.0,33.0,80.0
Ottawa Downtown,2023-04-29,3.3083333333333336,785,10.4,9.4,39.0,100.0
Ottawa Downtown,2023-04-30,1.6625000000000003,640,9.9,31.1,58.0,70.0
Ottawa Downtown,2023-05-01,4.0,710,8.1,15.8,54.0,230.0
Ottawa Downtown,2023-05-02,4.358333333333333,954,8.3,1.8,41.61981462711375,235.54923557680084
Ottawa Downtown,2023-05-03,2.183333333333333,663,8.2,12.7,42.0,70.0
Ottawa Downtown,2023-05-04,2.8375,717,8.0,0.5,40.99814771594193,244.19980934229727
Ottawa Downtown,2023-05-05,4.145833333333333,766,11.6,0.0,40.232359032659424,235.93259646651327
Ottawa Downtown,2023-05-06,3.2375000000000003,790,14.0,0.0,35.0,310.0
Ottawa Downtown,2023-05-07,2.829166666666667,794,15.2,0.0,32.0,290.0
Ottawa Downtown,2023-05-08,1.4583333333333333,776,12.1,0.0,37.0,360.0
Ottawa Downtown,2023-05-09,2.8833333333333333,739,11.0,0.0,32.0,340.0
Ottawa Downtown,2023-05-10,3.966666666666667,786,13.3,0.0,38.0,270.0
Ottawa Downtown,2023-05-11,3.4227272727272733,847,18.4,0.3,36.0,230.0
Ottawa Downtown,2023-05-12,1.4136363636363638,892,19.8,0.1,40.0,310.0
Ottawa Downtown,2023-05-13,1.325,831,13.1,0.0,49.0,340.0
Ottawa Downtown,2023-05-14,1.2916666666666667,760,11.1,0.0,37.0,340.0
Ottawa Downtown,2023-05-15,2.75,847,15.5,0.0,46.0,270.0
Ottawa Downtown,2023-05-16,1.8375000000000001,1159,10.4,0.3,54.0,350.0
Ottawa Downtown,2023-05-17,1.5999999999999999,803,5.0,0.0,43.0,360.0
Ottawa Downtown,2023-05-18,3.0625,753,7.5,0.0,32.0,210.0
Ottawa Downtown,2023-05-19,5.4125000000000005,966,13.0,0.0,51.0,220.0
Ottawa Downtown,2023-05-20,4.429166666666666,732,14.6,15.9,32.0,260.0
Ottawa Downtown,2023-05-21,1.625,381,14.7,0.4,33.0,250.0
Ottawa Downtown,2023-05-22,2.7708333333333335,576,11.4,0.0,39.95923002307421,241.80578971081556
Ottawa Downtown,2023-05-23,4.308333333333334,772,13.7,0.0,31.0,200.0
Ottawa Downtown,2023-05-24,1.3541666666666667,967,10.7,7.5,47.0,320.0
Ottawa Downtown,2023-05-25,1.5999999999999999,762,10.6,0.0,35.0,320.0
Ottawa Downtown,2023-05-26,2.9791666666666665,875,12.7,0.0,40.58747026000221,243.56844392477618
Ottawa Downtown,2023-05-27,3.5749999999999997,743,18.1,0.0,39.23426701466276,235.2748436994853
Ottawa Downtown,2023-05-28,1.781818181818182,666,21.5,0.0,38.79328757601126,242.95947730831676
Ottawa Downtown,2023-05-29,1.9291666666666665,721,18.3,0.0,34.0,70.0
Ottawa Downtown,2023-05-30,4.504166666666666,770,19.2,0.0,38.96947400174738,229.48071332979382
Ottawa Downtown,2023-05-31,5.2749999999999995,494,21.5,0.0,37.657660461252775,220.13599688558733
Ottawa Downtown,2023-06-01,3.7624999999999997,1072,25.0,0.0,39.06227899828753,234.30650321150046
Ottawa Downtown,2023-06-02,2.0666666666666664,724,23.4,0.0,58.0,30.0
Ottawa Downtown,2023-06-03,1.8333333333333333,809,16.6,0.0,41.0,80.0
Ottawa Downtown,2023-06-04,2.2583333333333333,703,15.2,0.0,39.81795584365332,244.23719240590907
Ottawa Downtown,2023-06-05,4.483333333333333,864,16.0,0.0,36.0,310.0
Ottawa Downtown,2023-06-06,3.295833333333333,857,16.6,5.3,46.0,20.0
Ottawa Downtown,2023-06-07,4.458333333333333,825,13.3,0.0,34.0,340.0
Ottawa Downtown,2023-06-08,1.9823529411764707,1011,14.1,0.4,41.020462262880336,249.61007561891677
Ottawa Downtown,2023-06-09,2.216666666666667,990,14.5,0.6,40.891999625071875,247.35365400745275
Ottawa Downtown,2023-06-10,2.845833333333333,901,16.5,0.0,40.08254824915015,242.49123164743264
Ottawa Downtown,2023-06-11,4.2125,737,17.3,0.0,39.228518887538485,231.88905359243222
Ottawa Downtown,2023-06-12,4.325,712,21.8,0.6,43.0,90.0
Ottawa Downtown,2023-06-13,3.2291666666666665,802,16.7,11.3,41.89712487604098,217.6102565961869
Ottawa Downtown,2023-06-14,4.508333333333334,917,13.7,1.7,40.60531674813071,231.27167944954675
Ottawa Downtown,2023-06-15,2.9,910,20.6,0.0,35.0,250.0
Ottawa Downtown,2023-06-16,1.9041666666666668,887,20.3,0.0,39.607416350827286,245.695876711048
Ottawa Downtown,2023-06-17,1.0083333333333333,947,16.8,0.0,40.502293814937325,253.76681244764353
Ottawa Downtown,2023-06-18,2.079166666666667,118,19.1,0.0,37.52147458142272,235.72028821278593
Ottawa Downtown,2023-06-19,3.4416666666666664,709,18.3,0.9,39.30294986358912,233.82947362393747
Ottawa Downtown,2023-06-20,3.2125,946,19.7,0.0,39.63796186999636,239.03959715376783
Ottawa Downtown,2023-06-21,3.1208333333333336,850,21.7,0.0,32.0,60.0
Ottawa Downtown,2023-06-22,5.2375,806,22.0,0.0,38.495806281227125,223.97750796661737
Ottawa Downtown,2023-06-23,3.8333333333333335,760,22.4,0.0,38.55243781166519,231.47902329807457
Ottawa Downtown,2023-06-24,3.4499999999999997,572,23.6,20.6,41.90168959075991,191.9477857494556
Ottawa Downtown,2023-06-25,4.0125,387,22.0,0.0,37.49457858362809,225.97752715669208
Ottawa Downtown,2023-06-26,3.8000000000000003,681,23.0,55.6,36.0,40.0
Ottawa Downtown,2023-06-27,4.029166666666666,882,22.3,7.1,36.0,170.0
Ottawa Downtown,2023-06-28,1.6416666666666666,918,17.8,1.7,33.0,270.0
Ottawa Downtown,2023-06-29,3.1124999999999994,835,21.4,0.0,39.06134282550498,237.2603941249574
Ottawa Downtown,2023-06-30,5.483333333333333,747,19.9,0.0,38.61331378923913,222.99516586151958
Ottawa Downtown,2023-07-01,4.141666666666667,440,22.9,14.3,40.0,250.0
Ottawa Downtown,2023-07-02,3.4999999999999996,537,22.7,0.0,37.914020962661176,230.48507686178039
Ottawa Downtown,2023-07-03,3.345833333333333,695,23.6,0.0,38.26000004516353,232.85722551887193
Ottawa Downtown,2023-07-04,4.0625,741,24.3,0.0,38.15290089731038,228.7891569938801
Ottawa Downtown,2023-07-05,3.4,810,25.4,0.0,38.29936060481701,232.93895331550243
Ottawa Downtown,2023-07-06,3.5,820,26.6,3.1,36.0,320.0
Ottawa Downtown,2023-07-07,2.3041666666666667,777,24.5,0.0,38.5450149805653,239.52873299311383
Ottawa Downtown,2023-07-08,2.1791666666666667,814,23.5,0.0,36.0,190.0
Ottawa Downtown,2023-07-09,1.9583333333333333,828,22.7,2.0,39.43347981518038,239.48968460301953
Ottawa Downtown,2023-07-10,3.254166666666667,664,22.9,0.0,38.297560779160165,233.41507220299405
Ottawa Downtown,2023-07-11,3.9916666666666667,853,23.9,9.1,47.0,310.0
Ottawa Downtown,2023-07-12,2.225,632,20.6,0.0,38.75694530858908,240.43042183649493
Ottawa Downtown,2023-07-13,3.891666666666667,1045,20.3,19.2,48.0,250.0
Ottawa Downtown,2023-07-14,4.3,673,19.6,0.0,38.659598105859004,229.24305127319093
Ottawa Downtown,2023-07-15,4.891666666666667,710,20.1,0.0,38.580731093396516,225.9172313065106
Ottawa Downtown,2023-07-16,1.9833333333333332,748,23.1,21.3,42.897716797858195,201.80210180683588
Ottawa Downtown,2023-07-17,2.7956521739130435,785,23.1,0.0,43.0,190.0
Ottawa Downtown,2023-07-18,3.883333333333333,716,21.6,17.1,52.0,300.0
Ottawa Downtown,2023-07-19,2.233333333333333,737,20.3,0.0,39.10976896708722,241.86935067032144
Ottawa Downtown,2023-07-20,4.433333333333334,772,21.0,2.5,39.18940119798146,224.18369329379203
Ottawa Downtown,2023-07-21,1.8125,861,20.1,32.3,37.0,330.0
Ottawa Downtown,2023-07-22,0.9583333333333334,716,19.5,0.0,35.0,270.0
Ottawa Downtown,2023-07-23,1.8333333333333333,638,20.2,0.0,38.909171953242804,243.05377362086256
Ottawa Downtown,2023-07-24,3.28695652173913,709,22.8,1.7,38.77064679418343,230.64437582310632
Ottawa Downtown,2023-07-25,2.620833333333333,791,21.7,0.0,38.97426722669264,239.44540320810341
Ottawa Downtown,2023-07-26,2.8125,857,22.8,3.1,34.0,230.0
Ottawa Downtown,2023-07-27,2.1166666666666667,843,23.3,4.9,37.0,120.0
Ottawa Downtown,2023-07-28,2.5208333333333335,695,23.1,30.1,57.0,310.0
Ottawa Downtown,2023-07-29,1.0083333333333335,658,15.2,0.0,31.0,330.0
Ottawa Downtown,2023-07-30,1.175,544,17.4,2.3,54.0,300.0
Ottawa Downtown,2023-07-31,0.9391304347826087,783,16.0,0.0,38.0,310.0
Ottawa Downtown,2023-08-01,1.7666666666666668,830,15.3,0.0,40.261995172332334,248.67945589580268
Ottawa Downtown,2023-08-02,2.9499999999999997,879,16.9,0.0,39.93573982107757,241.368597972175
Ottawa Downtown,2023-08-03,3.0041666666666664,705,20.8,20.6,37.0,210.0
Ottawa Downtown,2023-08-04,1.9708333333333332,769,20.8,3.1,42.0,330.0
Ottawa Downtown,2023-08-05,1.4041666666666668,758,18.8,0.0,39.56026062237244,247.903734674205
Ottawa Downtown,2023-08-06,1.4583333333333333,714,19.8,0.0,39.26275676590606,246.4553087271915
Ottawa Downtown,2023-08-07,2.678260869565218,671,18.2,24.8,37.0,50.0
Ottawa Downtown,2023-08-08,1.55,627,19.5,0.0,31.0,350.0
Ottawa Downtown,2023-08-09,1.7958333333333334,584,21.8,0.0,38.50356492520094,241.6764043881847
Ottawa Downtown,2023-08-10,4.354166666666667,763,19.1,77.9,61.0,160.0
Ottawa Downtown,2023-08-11,1.7375,805,18.1,0.0,37.0,270.0
Ottawa Downtown,2023-08-12,2.595833333333333,829,18.2,10.6,41.71538996841737,222.14750801519634
Ottawa Downtown,2023-08-13,1.425,727,20.1,0.2,35.0,260.0
Ottawa Downtown,2023-08-14,1.5217391304347827,694,18.9,0.0,39.33615716990297,246.34873721361697
Ottawa Downtown,2023-08-15,2.5458333333333334,721,18.7,0.0,39.26112852594072,240.74275310322946
Ottawa Downtown,2023-08-16,2.7083333333333335,786,21.9,0.0,38.91195906155245,238.7496811928001
Ottawa Downtown,2023-08-17,3.5749999999999997,923,21.2,7.0,34.0,170.0
Ottawa Downtown,2023-08-18,1.7833333333333334,929,18.2,3.0,47.0,250.0
Ottawa Downtown,2023-08-19,1.2125000000000001,772,18.3,0.0,36.0,290.0
Ottawa Downtown,2023-08-20,1.8166666666666664,782,20.7,0.0,39.25302697289124,244.6676956038139
Ottawa Downtown,2023-08-21,1.0391304347826087,787,16.8,0.0,40.0,350.0
Ottawa Downtown,2023-08-22,1.7875000000000003,838,17.5,0.0,39.93130461486538,247.3874485244434
Ottawa Downtown,2023-08-23,3.720833333333333,768,19.0,0.0,38.0,260.0
Ottawa Downtown,2023-08-24,3.125,808,19.0,3.8,36.0,180.0
Ottawa Downtown,2023-08-25,2.3749999999999996,493,19.7,0.2,38.506222725313954,237.94467851981148
Ottawa Downtown,2023-08-26,0.8833333333333333,514,16.6,0.0,38.0,350.0
Ottawa Downtown,2023-08-27,1.3458333333333332,504,17.6,0.0,39.02028619537465,245.75951228900433
Ottawa Downtown,2023-08-28,3.895652173913043,514,17.2,0.0,38.650798190853365,231.0282797421465
Ottawa Downtown,2023-08-29,4.5249999999999995,510,17.8,0.0,38.42946835990612,226.9082681907541
Ottawa Downtown,2023-08-30,1.8499999999999999,503,15.6,5.9,44.0,320.0
Ottawa Downtown,2023-08-31,2.6291666666666664,537,14.7,0.0,39.345644256810516,240.25211063625807
Ottawa Downtown,2023-09-01,2.8000000000000003,520,16.0,0.0,39.058052964489875,238.2785277468074
Ottawa Downtown,2023-09-02,2.6416666666666666,568,18.4,0.0,45.0,210.0
Ottawa Downtown,2023-09-03,2.245833333333333,616,22.2,0.0,31.0,220.0
Ottawa Downtown,2023-09-04,2.895652173913043,664,24.0,0.0,38.187436658055184,234.90192099970776
Ottawa Downtown,2023-09-05,3.920833333333334,712,9.703070037361158,2.8544179556437457,40.97494588666406,232.31386296824817
Ottawa Downtown,2023-09-06,2.9291666666666667,760,25.3,0.0,38.25467442519842,235.15625477513944
Ottawa Downtown,2023-09-07,2.8791666666666664,808,25.0,0.0,38.45165189270236,236.22637498053456
Ottawa Downtown,2023-09-08,0.6416666666666667,995,17.0,0.0,40.67708701778892,256.42224434202404
Ottawa Downtown,2023-09-09,1.6583333333333332,216,16.7,0.0,38.26603215233445,240.82216777695785
Ottawa Downtown,2023-09-10,2.141666666666667,406,17.0,0.0,38.68536970139772,240.16914477489001
Ottawa Downtown,2023-09-11,3.426086956521739,595,17.6,0.0,38.90875846905696,234.59054938287755
Ottawa Downtown,2023-09-12,3.3541666666666665,1000,16.0,5.0,41.33468533778055,231.6059499442913
Ottawa Downtown,2023-09-13,1.8894736842105262,845,16.4,0.1,34.0,220.0
Ottawa Downtown,2023-09-14,3.1090909090909093,689,11.4,0.0,32.0,270.0
Ottawa Downtown,2023-09-15,2.4125,570,12.9,0.0,39.767869182686596,242.98569547815805
Ottawa Downtown,2023-09-16,1.383333333333333,528,14.7,0.0,35.0,330.0
Ottawa Downtown,2023-09-17,2.5416666666666665,557,18.1,0.0,38.87857829647973,239.05926643730768
Ottawa Downtown,2023-09-18,2.0434782608695654,797,17.4,37.9,32.0,260.0
Ottawa Downtown,2023-09-19,1.1375,867,14.8,8.4,34.0,320.0
Ottawa Downtown,2023-09-20,2.404166666666667,667,12.7,0.0,40.08443593848952,244.36535563382444
Ottawa Downtown,2023-09-21,4.641666666666667,741,13.5,0.0,39.76738764167683,231.59159956543854
Ottawa Downtown,2023-09-22,5.083333333333333,739,14.4,0.0,39.53816620596259,228.43410592770815
Ottawa Downtown,2023-09-23,3.8208333333333333,769,14.6,0.0,39.8228501560314,236.16469577003653
Ottawa Downtown,2023-09-24,2.345833333333333,657,16.4,0.0,39.47672528142816,242.4511242117864
Ottawa Downtown,2023-09-25,1.8,931,16.3,0.0,40.0,80.0
Ottawa Downtown,2023-09-26,2.7708333333333335,890,13.3,0.0,40.57351581382368,244.6429567161971
Ottawa Downtown,2023-09-27,5.4125000000000005,797,12.0,0.0,40.02993390881952,228.5972282514049
Ottawa Downtown,2023-09-28,4.708333333333333,797,13.1,0.0,39.9824885371861,232.12929125660224
Ottawa Downtown,2023-09-29,5.429166666666667,797,15.2,0.0,39.51742728221456,226.65287709637894
Ottawa Downtown,2023-09-30,4.429166666666667,797,17.0,0.0,39.41217706490028,231.5316231073784
Ottawa Downtown,2023-10-01,2.5541666666666667,691,18.3,0.0,39.235711344742306,240.548390650246
Ottawa Downtown,2023-10-02,4.230434782608696,691,16.5,0.0,39.218330654416505,231.66818518417875
Ottawa Downtown,2023-10-03,4.795833333333333,691,22.5,0.0,38.160521037280176,224.86198479066755
Ottawa Downtown,2023-10-04,7.3374999999999995,691,21.0,0.0,37.93844935908993,210.6882027448134
Ottawa Downtown,2023-10-05,5.2,861,21.6,0.0,39.0,190.0
Ottawa Downtown,2023-10-06,3.408333333333333,909,18.7,9.9,37.0,190.0
Ottawa Downtown,2023-10-07,3.329166666666667,668,13.4,28.4,39.0,230.0
Ottawa Downtown,2023-10-08,1.2083333333333333,625,9.1,1.5,43.0,240.0
Ottawa Downtown,2023-10-09,2.773913043478261,427,7.8,6.2,35.0,210.0
Ottawa Downtown,2023-10-10,4.791666666666667,907,9.6,0.8,41.001900087629195,233.52786208719786
Ottawa Downtown,2023-10-11,5.091666666666667,889,10.5,2.9,41.16142788531086,227.057704738311
Ottawa Downtown,2023-10-12,2.5500000000000003,757,9.5,0.1,33.0,280.0
Ottawa Downtown,2023-10-13,2.4666666666666663,794,10.6,0.0,40.77825610674479,246.79757329833404
Ottawa Downtown,2023-10-14,1.9125000000000003,750,10.7,0.0,40.73435670341508,249.46775156149312
Ottawa Downtown,2023-10-15,1.3,773,8.9,0.4,32.0,350.0
Ottawa Downtown,2023-10-16,2.026086956521739,922,9.4,0.0,35.0,350.0
Ottawa Downtown,2023-10-17,4.766666666666667,897,8.6,0.0,40.98034510718481,235.63227008717655
Ottawa Downtown,2023-10-18,8.225,975,9.1,0.0,40.50136034835672,215.85801794358434
Ottawa Downtown,2023-10-19,6.804166666666667,817,13.3,0.0,39.62899276028286,219.86345998006507
Ottawa Downtown,2023-10-20,5.758333333333333,755,14.3,5.8,33.0,170.0
Ottawa Downtown,2023-10-21,2.3708333333333336,445,10.1,7.3,40.0,310.0
Ottawa Downtown,2023-10-22,0.6208333333333335,346,5.6,9.2,40.0,320.0
Ottawa Downtown,2023-10-23,6.039130434782609,449,6.0,0.0,39.85552462301094,223.99128041658773
Ottawa Downtown,2023-10-24,9.054166666666667,894,8.4,1.7,40.557679152393696,207.14301849569415
Ottawa Downtown,2023-10-25,9.183333333333334,830,13.5,2.9,39.769561447270654,200.37803468923025
Ottawa Downtown,2023-10-26,6.479166666666667,891,16.1,7.6,40.941184667846564,206.80134839600242
Ottawa Downtown,2023-10-27,6.1000000000000005,934,17.5,1.6,39.74180169008578,220.06307781180675
Ottawa Downtown,2023-10-28,1.4958333333333336,802,11.5,0.0,48.0,310.0
Ottawa Downtown,2023-10-29,2.3458333333333337,664,4.0,0.1,41.49094271343022,249.50296767921833
Ottawa Downtown,2023-10-30,3.8434782608695657,612,2.1,7.4,42.795473400761686,227.35749403724958
Ottawa Downtown,2023-10-31,4.9624999999999995,572,0.4,0.0,35.0,100.0
Ottawa Downtown,2023-11-01,2.8250000000000006,609,0.1,0.0,41.84591454336465,248.4208415881837
Ottawa Downtown,2023-11-02,7.7875000000000005,994,2.6,0.1,35.0,230.0
Ottawa Downtown,2023-11-03,5.2875000000000005,847,8.7,0.3,55.0,240.0
Ottawa Downtown,2023-11-04,3.7916666666666665,580,5.3,0.0,40.75700095068083,239.33408262867525
Ottawa Downtown,2023-11-05,2.8083333333333336,608,2.8,0.0,41.4151002898327,246.94513859674024
Ottawa Downtown,2023-11-06,7.0260869565217385,883,2.6,1.5,32.0,120.0
Ottawa Downtown,2023-11-07,3.5124999999999993,779,5.0,6.9,47.0,300.0
Ottawa Downtown,2023-11-08,3.266666666666667,666,0.4,0.0,34.0,320.0
Ottawa Downtown,2023-11-09,9.299999999999999,542,1.0,4.4,36.0,90.0
Ottawa Downtown,2023-11-10,3.85,833,3.2,0.8,33.0,250.0
Ottawa Downtown,2023-11-11,2.7291666666666665,681,-0.2,0.0,42.120237138699615,250.0583187052512
Ottawa Downtown,2023-11-12,6.45,436,-1.4,0.0,40.9212459624865,225.66560462453515
Ottawa Downtown,2023-11-13,10.769565217391305,489,-3.3,3.0,41.180604029211025,196.22306887516152
Ottawa Downtown,2023-11-14,7.258333333333333,702,1.9,1.5,41.31860375204778,219.489364361449
Ottawa Downtown,2023-11-15,11.25,745,4.2,0.0,33.0,200.0
Ottawa Downtown,2023-11-16,13.933333333333332,585,5.6,0.0,38.88479883283151,179.21571658534498
Ottawa Downtown,2023-11-17,8.925,786,7.4,2.4,48.0,220.0
Ottawa Downtown,2023-11-18,5.075,521,1.1,0.0,41.02072278370061,233.42414571758374
Ottawa Downtown,2023-11-19,2.225,583,-0.2,1.0,46.0,350.0
Ottawa Downtown,2023-11-20,7.043478260869565,488,-3.7,0.0,41.33164508122341,224.13196920415314
Ottawa Downtown,2023-11-21,9.387500000000001,629,-3.6,6.3,37.0,90.0
Ottawa Downtown,2023-11-22,7.779166666666666,508,0.9,5.6,41.61698492994641,206.8415514944331
Ottawa Downtown,2023-11-23,6.9750000000000005,683,1.2,0.2,43.0,310.0
Ottawa Downtown,2023-11-24,2.8624999999999994,536,-5.7,0.0,42.0,320.0
Ottawa Downtown,2023-11-25,10.633333333333333,547,-3.1,0.0,38.0,260.0
Ottawa Downtown,2023-11-26,9.383333333333333,569,1.1,1.1,40.59426321581337,206.46378797409807
Ottawa Downtown,2023-11-27,5.3304347826086955,737,1.8,0.5,54.0,270.0
Ottawa Downtown,2023-11-28,2.545833333333333,717,-4.2,0.0,45.0,270.0
Ottawa Downtown,2023-11-29,7.037499999999999,726,-3.2,0.0,42.0,210.0
Ottawa Downtown,2023-11-30,9.85,679,2.8,0.1,48.0,230.0
Ottawa Downtown,2023-12-01,8.9125,697,4.6,0.4,40.35952541370285,210.1510435590735
Ottawa Downtown,2023-12-02,4.479166666666667,581,0.4,3.4,42.07884730917499,231.70894022994693
Ottawa Downtown,2023-12-03,3.483333333333334,466,-0.2,13.0,43.892447187223475,218.44749382397532
Ottawa Downtown,2023-12-04,9.617391304347825,350,-1.9,9.3,41.990119672333165,188.6403969486939
Ottawa Downtown,2023-12-05,7.8625,517,-4.4,0.2,41.418275829510634,219.6766034554416
Ottawa Downtown,2023-12-06,4.858333333333333,380,-11.5,0.0,42.654426180574426,240.20761294268152
Ottawa Downtown,2023-12-07,11.899999999999999,499,-10.9,1.2,41.86360324410015,197.42932995568546
Ottawa Downtown,2023-12-08,11.108333333333334,428,-5.2,0.0,32.0,100.0
Ottawa Downtown,2023-12-09,8.9625,410,-1.4,0.5,40.487295320877,209.53295139578387
Ottawa Downtown,2023-12-10,14.666666666666666,256,2.9,8.1,39.8016728084991,157.07538036371596
Ottawa Downtown,2023-12-11,6.108695652173913,440,-2.8,1.2,40.0,290.0
Ottawa Downtown,2023-12-12,9.458333333333334,518,-2.3,0.2,47.0,220.0
Ottawa Downtown,2023-12-13,3.6916666666666664,624,-4.0,0.0,45.0,280.0
Ottawa Downtown,2023-12-14,13.3375,729,-4.0,0.0,32.0,220.0
Ottawa Downtown,2023-12-15,11.200000000000001,512,5.4,0.0,34.0,220.0
Ottawa Downtown,2023-12-16,6.095833333333332,617,1.1,0.0,41.114600359920324,228.58078001287168
Ottawa Downtown,2023-12-17,9.145833333333334,596,1.5,6.4,41.687606305227405,198.01025853119643
Ottawa Downtown,2023-12-18,5.904347826086957,542,3.6,28.4,35.0,340.0
Ottawa Downtown,2023-12-19,5.4375,552,-4.0,0.7,41.0,330.0
Ottawa Downtown,2023-12-20,13.604166666666666,509,-4.7,0.0,32.0,360.0
Ottawa Downtown,2023-12-21,5.445833333333333,499,-7.5,0.0,42.25800975218186,235.91274386993047
Ottawa Downtown,2023-12-22,10.891666666666666,481,-8.0,0.0,41.29759490321886,203.75306042085924
Ottawa Downtown,2023-12-23,10.4125,516,-5.5,0.2,41.12756429298094,205.2080218769851
Ottawa Downtown,2023-12-24,10.733333333333334,584,-0.6,0.0,40.44811921739088,201.70864897781593
Ottawa Downtown,2023-12-25,12.460869565217392,609,1.5,0.0,39.875130033247,190.59573678418806
Ottawa Downtown,2023-12-26,11.545833333333334,639,3.6,0.3,39.852863046195004,194.61023266295646
Ottawa Downtown,2023-12-27,6.3125,695,4.1,2.6,41.334052044172815,221.6599065766311
Ottawa Downtown,2023-12-28,6.120833333333334,534,3.9,6.0,41.59402201139787,214.49668083892146
Ottawa Downtown,2023-12-29,4.733333333333333,619,2.4,6.3,42.39116037403509,224.07199705047768
Ottawa Downtown,2023-12-30,1.9833333333333332,531,-1.8,0.0,32.0,320.0
Ottawa Downtown,2023-12-31,3.341666666666667,439,-5.5,0.0,42.1464308242846,246.4599507231044
Ottawa Downtown,2024-01-01,4.530434782608696,406,-6.0,0.0,41.914122026860944,239.3010908984815
Ottawa Downtown,2024-01-02,6.3500000000000005,566,-2.5,0.0,36.0,190.0
Ottawa Downtown,2024-01-03,8.358333333333333,495,1.4,0.4,40.379715986968506,212.7455742206318
Ottawa Downtown,2024-01-04,2.154166666666667,349,-5.5,0.2,46.0,360.0
Ottawa Downtown,2024-01-05,6.012499999999999,518,-7.0,0.1,36.0,210.0
Ottawa Downtown,2024-01-06,2.7125,482,-6.3,2.4,41.0,70.0
Ottawa Downtown,2024-01-07,4.120833333333334,446,-7.0,4.3,32.0,90.0
Ottawa Downtown,2024-01-08,4.695652173913044,410,-3.6,0.0,41.51372796819607,236.9893058453246
Ottawa Downtown,2024-01-09,4.608333333333333,374,-3.4,11.1,56.0,90.0
Ottawa Downtown,2024-01-10,6.966666666666666,338,0.1,8.0,57.0,280.0
Ottawa Downtown,2024-01-11,3.9291666666666667,489,-5.9,0.6,35.0,290.0
Ottawa Downtown,2024-01-12,5.191666666666666,306,-7.8,3.3,55.0,100.0
Ottawa Downtown,2024-01-13,5.625,122,-1.8,16.3,62.0,250.0
Ottawa Downtown,2024-01-14,2.9125,210,-5.7,0.1,55.0,240.0
Ottawa Downtown,2024-01-15,10.595652173913043,300,-10.1,0.0,42.0,210.0
Ottawa Downtown,2024-01-16,16.5625,387,-11.7,2.9,41.15021557915151,165.70198708624633
Ottawa Downtown,2024-01-17,14.75,291,-13.4,0.0,32.0,210.0
Ottawa Downtown,2024-01-18,13.854166666666666,371,-9.7,0.0,40.710306573944166,185.8285623972689
Ottawa Downtown,2024-01-19,4.816666666666666,295,-14.6,0.0,42.90736857220469,241.1775240461508
Ottawa Downtown,2024-01-20,1.9749999999999999,242,-13.7,0.0,37.0,310.0
Ottawa Downtown,2024-01-21,11.433333333333332,133,-13.9,0.0,41.12309261666897,199.59397402285842
Ottawa Downtown,2024-01-22,12.773913043478261,202,-7.6,2.3,42.0,220.0
Ottawa Downtown,2024-01-23,6.220833333333334,378,-4.9,0.1,35.0,70.0
Ottawa Downtown,2024-01-24,7.5,326,-6.8,6.1,34.0,80.0
Ottawa Downtown,2024-01-25,8.954166666666667,166,-1.3,1.9,40.03365710706442,203.83464760853633
Ottawa Downtown,2024-01-26,7.091666666666666,323,0.7,9.4,41.97484593252405,201.55906638926268
Ottawa Downtown,2024-01-27,11.950000000000003,431,0.8,0.5,39.6566013768381,190.85009484684394
Ottawa Downtown,2024-01-28,9.137500000000001,540,1.1,0.0,40.33952505816747,209.62443571801057
Ottawa Downtown,2024-01-29,6.352173913043477,649,-3.9,0.0,41.958920305687684,230.35439495348325
Ottawa Downtown,2024-01-30,5.716666666666666,564,-5.3,0.0,42.04888305122555,233.85749739884756
Ottawa Downtown,2024-01-31,18.691666666666666,475,-2.6,0.0,39.00633216635915,154.41265985465463
Ottawa Downtown,2024-02-01,10.604166666666668,511,2.3,0.3,39.85637828191803,199.32645837936715
Ottawa Downtown,2024-02-02,2.529166666666667,513,-1.0,0.0,37.0,350.0
Ottawa Downtown,2024-02-03,7.216666666666666,443,-4.3,0.0,41.26438091803099,222.8896367390779
Ottawa Downtown,2024-02-04,9.766666666666667,409,-3.4,0.0,40.55941434463385,206.8563713237291
Ottawa Downtown,2024-02-05,5.913043478260869,237,-1.1,0.0,40.389826357543186,226.17710785561948
Ottawa Downtown,2024-02-06,14.179166666666665,418,-3.7,0.0,39.833316416418135,181.03350172855355
Ottawa Downtown,2024-02-07,19.650000000000002,620,-4.7,0.0,39.590261587397194,151.76971957121634
Ottawa Downtown,2024-02-08,17.720833333333335,534,-1.4,0.0,39.16358483195535,160.2039195610484
Ottawa Downtown,2024-02-09,12.591666666666667,706,4.1,1.7,40.05191972493126,186.3371036639321
Ottawa Downtown,2024-02-10,7.3125,657,4.4,0.0,40.486662466584754,219.98500307577854
Ottawa Downtown,2024-02-11,2.341666666666667,562,2.0,0.0,41.49278713786187,249.5916433581375
Ottawa Downtown,2024-02-12,9.178260869565218,740,-1.2,0.0,41.28226963432162,213.21501828473015
Ottawa Downtown,2024-02-13,9.325000000000001,690,-2.8,0.0,51.0,340.0
Ottawa Downtown,2024-02-14,1.3041666666666667,664,-7.6,0.0,45.0,270.0
Ottawa Downtown,2024-02-15,6.445833333333333,573,-7.9,5.1,31.0,70.0
Ottawa Downtown,2024-02-16,3.8249999999999997,472,-6.3,0.5,42.0,260.0
Ottawa Downtown,2024-02-17,4.054166666666666,344,-12.2,0.0,37.0,280.0
Ottawa Downtown,2024-02-18,8.029166666666667,124,-6.9,3.0,51.0,300.0
Ottawa Downtown,2024-02-19,4.947826086956522,142,-11.6,0.0,44.0,310.0
Ottawa Downtown,2024-02-20,6.329166666666667,482,-8.8,0.0,42.255647004120135,231.2250166939414
Ottawa Downtown,2024-02-21,15.358333333333334,335,-4.3,0.2,39.51171032645706,172.98661010457636
Ottawa Downtown,2024-02-22,11.170833333333334,641,4.0,2.7,40.33083702210376,192.1064570866816
Ottawa Downtown,2024-02-23,4.954166666666667,757,-4.2,0.1,43.0,350.0
Ottawa Downtown,2024-02-24,3.616666666666667,535,-13.0,0.0,35.0,340.0
Ottawa Downtown,2024-02-25,13.383333333333335,486,-6.0,0.4,39.0,180.0
Ottawa Downtown,2024-02-26,9.365217391304348,600,1.8,0.1,40.0,300.0
Ottawa Downtown,2024-02-27,13.029166666666669,616,4.1,0.0,39.37808779610431,185.8191305579069
Ottawa Downtown,2024-02-28,9.416666666666666,858,1.2,1.7,80.0,290.0
Ottawa Downtown,2024-02-29,1.5958333333333334,667,-10.5,0.0,51.0,300.0
Ottawa Downtown,2024-03-01,11.954166666666666,686,-2.8,0.0,40.875978758962,197.03654089631772
Ottawa Downtown,2024-03-02,12.820833333333333,562,1.1,0.2,39.77486883879633,187.72958421129795
Ottawa Downtown,2024-03-03,9.9375,546,4.3,0.0,39.7024912010072,203.12027746721546
Ottawa Downtown,2024-03-04,7.98695652173913,716,6.4,0.0,40.21819581753036,215.57969516393305
Ottawa Downtown,2024-03-05,7.858333333333333,749,9.0,1.3,32.0,190.0
Ottawa Downtown,2024-03-06,3.2052631578947373,811,5.0,2.5,42.07338398421883,241.16732741403024
Ottawa Downtown,2024-03-07,3.65,683,5.3,0.0,41.08342122011758,241.46246818405945
Ottawa Downtown,2024-03-08,4.558333333333334,538,2.8,0.0,33.0,90.0
Ottawa Downtown,2024-03-09,3.866666666666667,567,3.9,11.9,50.0,160.0
Ottawa Downtown,2024-03-10,1.190909090909091,404,0.4,6.9,44.0,310.0
Ottawa Downtown,2024-03-11,1.0434782608695652,512,0.9,0.0,52.0,320.0
Ottawa Downtown,2024-03-12,5.554166666666667,589,4.8,0.0,40.543282875548456,229.30654706664248
Ottawa Downtown,2024-03-13,5.4125000000000005,741,4.7,0.0,33.0,80.0
Ottawa Downtown,2024-03-14,7.866666666666667,699,6.0,1.1,40.46870324941976,214.23992237387876
Ottawa Downtown,2024-03-15,3.525,717,7.0,0.8,41.09079998902009,240.14246842950206
Ottawa Downtown,2024-03-16,3.5666666666666664,597,2.8,2.9,34.0,210.0
Ottawa Downtown,2024-03-17,2.3333333333333335,591,4.0,3.2,35.0,270.0
Ottawa Downtown,2024-03-18,1.6304347826086956,730,-1.2,0.6,43.0,300.0
Ottawa Downtown,2024-03-19,3.2791666666666672,810,-3.0,0.4,37.0,330.0
Ottawa Downtown,2024-03-20,2.5833333333333335,789,-2.0,0.0,49.0,320.0
Ottawa Downtown,2024-03-21,0.5041666666666668,726,-7.0,0.0,53.0,320.0
Ottawa Downtown,2024-03-22,2.525,912,-7.8,0.0,44.04174041949106,258.54342607920324
Ottawa Downtown,2024-03-23,3.625,598,-3.6,0.2,34.0,80.0
Ottawa Downtown,2024-03-24,3.466666666666667,468,-3.4,0.0,41.87408674172044,244.87231118326287
Ottawa Downtown,2024-03-25,5.734782608695652,662,2.0,0.0,40.0,100.0
Ottawa Downtown,2024-03-26,4.754166666666666,925,5.9,0.0,41.0,90.0
Ottawa Downtown,2024-03-27,4.0375000000000005,972,10.5,1.2,41.0,220.0
Ottawa Downtown,2024-03-28,2.6791666666666667,953,6.0,0.0,34.0,200.0
Ottawa Downtown,2024-03-29,1.0958333333333332,677,2.9,0.0,48.0,290.0
Ottawa Downtown,2024-03-30,1.3625,664,3.1,0.0,43.0,310.0
Ottawa Downtown,2024-03-31,2.5833333333333335,688,5.3,0.0,41.0,320.0
Ottawa Downtown,2024-04-01,3.8782608695652168,971,4.7,0.0,33.0,340.0
Ottawa Downtown,2024-04-02,2.920833333333333,865,5.4,0.0,55.0,70.0
Ottawa Downtown,2024-04-03,1.8333333333333333,818,3.3,25.3,66.0,100.0
Ottawa Downtown,2024-04-04,1.7750000000000001,229,0.1,3.0,62.0,70.0
Ottawa Downtown,2024-04-05,2.1041666666666665,573,3.5,3.1,45.0,360.0
Ottawa Downtown,2024-04-06,3.3250000000000006,518,7.5,0.0,38.0,30.0
Ottawa Downtown,2024-04-07,3.8125,445,7.8,0.0,39.961026244338285,236.0778614414615
Ottawa Downtown,2024-04-08,7.413043478260869,652,9.5,0.0,39.641841107479756,216.3858215139902
Ottawa Downtown,2024-04-09,6.041666666666667,744,12.7,0.0,34.0,120.0
Ottawa Downtown,2024-04-10,3.3833333333333333,783,14.4,0.0,32.0,240.0
Ottawa Downtown,2024-04-11,4.633333333333334,838,8.9,24.1,37.0,90.0
Ottawa Downtown,2024-04-12,1.7,858,11.8,4.1,58.0,220.0
Ottawa Downtown,2024-04-13,0.6166666666666667,764,4.8,2.8,53.0,300.0
Ottawa Downtown,2024-04-14,4.645833333333333,694,4.4,0.8,41.234356455091884,234.7220974456848
Ottawa Downtown,2024-04-15,2.21304347826087,730,8.9,1.6,48.0,320.0
Ottawa Downtown,2024-04-16,2.3458333333333337,788,8.0,0.0,33.0,20.0
Ottawa Downtown,2024-04-17,1.2375,832,5.9,0.0,51.0,100.0
Ottawa Downtown,2024-04-18,4.304166666666667,994,6.3,8.1,47.0,100.0
Ottawa Downtown,2024-04-19,4.270833333333333,1010,9.0,2.0,49.0,260.0
Ottawa Downtown,2024-04-20,1.3541666666666667,801,5.5,1.2,58.0,270.0
Ottawa Downtown,2024-04-21,0.7916666666666666,765,4.4,0.3,52.0,310.0
Ottawa Downtown,2024-04-22,1.9000000000000001,731,4.6,0.0,41.0,190.0
Ottawa Downtown,2024-04-23,3.5625,782,9.1,5.4,67.0,220.0
Ottawa Downtown,2024-04-24,1.2291666666666667,847,3.8,6.0,57.0,340.0
Ottawa Downtown,2024-04-25,2.9250000000000003,811,2.9,0.0,41.97072638245488,248.73986459824306
Ottawa Downtown,2024-04-26,5.608333333333334,840,6.0,0.0,41.075253703400605,231.4378463792107
Ottawa Downtown,2024-04-27,4.2375,987,11.1,2.8,43.0,170.0
Ottawa Downtown,2024-04-28,1.9124999999999999,1133,14.2,2.5,38.0,330.0
Ottawa Downtown,2024-04-29,1.3043478260869565,1280,8.7,2.8,40.0,80.0
Ottawa Downtown,2024-04-30,2.0291666666666663,908,7.2,13.5,43.0,70.0
Ottawa Downtown,2024-05-01,3.5666666666666664,966,10.7,0.5,41.1626240072385,241.4450537675464
Ottawa Downtown,2024-05-02,3.0625,920,12.8,0.0,40.687825053059015,243.5813405484638
Ottawa Downtown,2024-05-03,2.1166666666666667,929,13.5,0.0,40.774165274635536,248.8867866717569
Ottawa Downtown,2024-05-04,1.9041666666666666,747,17.5,0.0,39.64445435646532,245.5572957564188
Ottawa Downtown,2024-05-05,2.0708333333333333,702,14.1,7.5,42.0,180.0
Ottawa Downtown,2024-05-06,1.6130434782608696,715,15.0,0.0,35.0,260.0
Ottawa Downtown,2024-05-07,2.85,789,13.7,0.0,31.0,260.0
Ottawa Downtown,2024-05-08,1.4583333333333333,1008,11.7,8.1,43.0,80.0
Ottawa Downtown,2024-05-09,1.5166666666666666,877,10.7,0.0,41.17693950575035,253.40065112606243
Ottawa Downtown,2024-05-10,2.704166666666667,746,12.3,0.0,40.32437895758712,243.81051181382625
Ottawa Downtown,2024-05-11,3.7125,614,11.4,1.3,33.0,170.0
Ottawa Downtown,2024-05-12,2.1,758,13.1,2.6,31.0,160.0
Ottawa Downtown,2024-05-13,3.130434782608696,979,14.3,0.9,49.0,200.0
Ottawa Downtown,2024-05-14,2.954166666666667,991,17.4,5.3,41.21658171921447,232.48814257762345
Ottawa Downtown,2024-05-15,2.1875,893,15.6,0.3,40.38040105911337,246.2411230683843
Ottawa Downtown,2024-05-16,2.3875,875,18.0,0.0,39.850926479512076,244.0123204583971
Ottawa Downtown,2024-05-17,4.029166666666666,937,18.7,2.6,40.130149516430194,229.7803812649227
Ottawa Downtown,2024-05-18,1.5583333333333333,754,19.6,0.3,39.45179425395605,245.9156425411985
Ottawa Downtown,2024-05-19,2.1083333333333334,655,19.3,0.0,39.05223262330147,242.15865632469774
Ottawa Downtown,2024-05-20,1.9000000000000001,630,22.3,0.0,38.53937608362478,241.3478396013591
Ottawa Downtown,2024-05-21,4.1499999999999995,971,19.9,12.5,35.0,260.0
Ottawa Downtown,2024-05-22,2.3958333333333335,844,23.1,0.9,48.0,210.0
Ottawa Downtown,2024-05-23,1.6791666666666665,819,20.8,0.1,49.0,260.0
Ottawa Downtown,2024-05-24,0.75,849,14.0,0.0,51.0,310.0
Ottawa Downtown,2024-05-25,1.1541666666666666,813,13.4,0.1,40.645446939591665,252.9984507277431
Ottawa Downtown,2024-05-26,1.3083333333333333,706,17.5,0.0,39.6327911150815,248.56927085610727
Ottawa Downtown,2024-05-27,2.7695652173913046,950,19.7,29.4,45.0,210.0
Ottawa Downtown,2024-05-28,0.9913043478260868,918,16.3,0.7,36.0,270.0
Ottawa Downtown,2024-05-29,0.5095238095238095,988,13.0,0.0,32.0,360.0
Ottawa Downtown,2024-05-30,0.9782608695652174,767,13.6,0.0,32.0,330.0
Ottawa Downtown,2024-05-31,1.5125,906,17.2,0.0,36.0,260.0
Ottawa Downtown,2024-06-01,1.0666666666666667,886,19.8,0.0,39.834813235245505,250.92224945584206
Ottawa Downtown,2024-06-02,2.6875,884,19.9,0.0,39.51940741997095,241.25024608118594
Ottawa Downtown,2024-06-03,3.1999999999999997,899,21.1,0.0,39.28087301203026,237.72065760409757
Ottawa Downtown,2024-06-04,4.075,911,22.1,0.0,38.99821511919728,232.11762791235026
Ottawa Downtown,2024-06-05,3.3458333333333337,768,24.8,0.0,32.0,190.0
Ottawa Downtown,2024-06-06,3.5708333333333333,1146,19.8,50.6,46.0,270.0
Ottawa Downtown,2024-06-07,2.9291666666666667,929,17.2,13.4,47.0,250.0
Ottawa Downtown,2024-06-08,0.10833333333333332,770,17.2,2.9,40.0,290.0
Ottawa Downtown,2024-06-09,0.2208333333333333,783,15.6,1.5,52.0,260.0
Ottawa Downtown,2024-06-10,0.06956521739130435,958,12.5,0.0,40.0,290.0
Ottawa Downtown,2024-06-11,0.6916666666666665,1220,13.0,0.0,41.96181280080192,261.25184861485275
Ottawa Downtown,2024-06-12,2.345833333333333,1041,17.4,0.0,40.438683968075374,246.68420369431888
Ottawa Downtown,2024-06-13,3.745833333333333,863,18.4,10.0,56.0,270.0
Ottawa Downtown,2024-06-14,1.1291666666666667,684,17.1,0.0,37.0,330.0
Ottawa Downtown,2024-06-15,1.05,657,13.9,0.0,35.0,10.0
Ottawa Downtown,2024-06-16,2.529166666666667,758,13.8,0.0,40.15232837714769,244.13110212901023
Ottawa Downtown,2024-06-17,2.9695652173913047,857,22.6,0.5,34.0,220.0
Ottawa Downtown,2024-06-18,2.4125,973,26.5,0.0,32.0,200.0
Ottawa Downtown,2024-06-19,3.054166666666666,1065,27.6,0.0,39.0,200.0
Ottawa Downtown,2024-06-20,0.9083333333333332,1182,23.9,0.0,35.0,310.0
Ottawa Downtown,2024-06-21,1.2874999999999999,528,20.1,0.4,38.780955175897596,244.21083122727288
Ottawa Downtown,2024-06-22,1.3,806,19.2,2.6,40.16295198286204,243.9995200459126
Ottawa Downtown,2024-06-23,1.4083333333333332,583,21.1,43.9,46.0,300.0
Ottawa Downtown,2024-06-24,0.5869565217391305,885,21.0,14.0,46.0,20.0
Ottawa Downtown,2024-06-25,1.1791666666666667,1008,21.9,0.0,46.0,230.0
Ottawa Downtown,2024-06-26,0.5083333333333333,792,20.4,10.4,39.0,260.0
Ottawa Downtown,2024-06-27,0.22083333333333333,576,13.8,0.0,48.0,300.0
Ottawa Downtown,2024-06-28,1.6791666666666665,360,15.4,0.0,31.0,210.0
Ottawa Downtown,2024-06-29,1.7416666666666665,240,20.0,8.4,34.0,190.0
Ottawa Downtown,2024-06-30,0.17499999999999996,925,20.3,0.0,47.0,310.0
Ottawa Downtown,2024-07-01,1.3304347826086957,877,19.2,0.0,39.85669912487182,249.59688112185145
Ottawa Downtown,2024-07-02,3.295833333333333,856,19.9,0.0,34.0,170.0
Ottawa Downtown,2024-07-03,2.920833333333333,926,23.2,0.7,40.0,200.0
Ottawa Downtown,2024-07-04,1.6958333333333335,941,24.0,0.6,39.329749269077325,244.33742587731908
Ottawa Downtown,2024-07-05,0.7583333333333334,915,24.6,1.4,37.0,10.0
Ottawa Downtown,2024-07-06,0.7416666666666667,909,23.4,12.2,44.0,250.0
Ottawa Downtown,2024-07-07,0.5291666666666667,939,23.6,0.0,39.48402521012663,252.58330802905346
Ottawa Downtown,2024-07-08,1.9652173913043476,456,23.6,0.0,37.81254056048879,238.03264720777122
Ottawa Downtown,2024-07-09,2.8458333333333337,1008,23.8,13.9,54.0,280.0
Ottawa Downtown,2024-07-10,1.2958333333333332,839,20.0,21.0,32.0,40.0
Ottawa Downtown,2024-07-11,1.7666666666666666,1008,20.4,9.2,41.76492232123486,230.66048280538539
Ottawa Downtown,2024-07-12,2.35,970,23.6,0.0,39.24350228479659,242.19411293868444
Ottawa Downtown,2024-07-13,1.0666666666666667,923,24.2,2.6,38.0,310.0
Ottawa Downtown,2024-07-14,0.7916666666666666,875,23.4,0.0,32.0,220.0
Ottawa Downtown,2024-07-15,1.3608695652173914,828,24.8,9.4,42.0,330.0
Ottawa Downtown,2024-07-16,2.058333333333333,920,22.9,0.2,31.0,220.0
Ottawa Downtown,2024-07-17,1.5791666666666666,894,22.7,5.3,31.0,330.0
Ottawa Downtown,2024-07-18,0.40833333333333327,958,17.2,0.0,33.0,270.0
Ottawa Downtown,2024-07-19,0.8208333333333333,893,19.5,0.0,39.94875174302227,252.6425176123268
Ottawa Downtown,2024-07-20,0.5291666666666667,766,20.7,1.2,36.0,310.0
Ottawa Downtown,2024-07-21,0.4541666666666666,591,18.9,0.0,39.22901397212377,251.37538564231463
Ottawa Downtown,2024-07-22,1.5565217391304347,629,19.0,0.0,39.12414667465183,245.27107929363922
Ottawa Downtown,2024-07-23,1.2458333333333333,795,22.6,0.0,39.09198890236003,247.11222947678255
Ottawa Downtown,2024-07-24,2.3166666666666664,1052,21.0,26.8,58.0,280.0
Ottawa Downtown,2024-07-25,0.2208333333333333,1075,18.4,0.1,48.0,310.0
Ottawa Downtown,2024-07-26,0.9208333333333333,528,20.6,0.0,33.0,290.0
Ottawa Downtown,2024-07-27,1.125,597,22.0,0.0,38.631323906671994,245.69318214907605
Ottawa Downtown,2024-07-28,1.2708333333333333,638,22.4,0.0,38.66090223655736,245.1131275456125
Ottawa Downtown,2024-07-29,2.917391304347826,898,21.1,0.0,39.32842934456308,239.37700402001943
Ottawa Downtown,2024-07-30,2.9875000000000003,1027,22.6,0.0,39.45353930388584,239.71280083502367
Ottawa Downtown,2024-07-31,2.9416666666666664,638,25.6,0.0,35.0,330.0
Ottawa Downtown,2024-08-01,2.4541666666666666,693,26.4,0.0,37.97005192086721,236.4931226493951
Ottawa Downtown,2024-08-02,3.3874999999999997,905,25.1,0.0,38.62676486857204,234.37589532335903
Ottawa Downtown,2024-08-03,2.0708333333333333,964,25.9,0.0,35.0,340.0
Ottawa Downtown,2024-08-04,1.6833333333333333,940,24.3,0.0,36.0,290.0
Ottawa Downtown,2024-08-05,1.5217391304347827,803,16.2,10.4,42.11376541683787,229.70753604183534
Ottawa Downtown,2024-08-06,1.7791666666666668,862,18.2,0.0,39.891468056230536,247.33374884965116
Ottawa Downtown,2024-08-07,2.3541666666666665,866,18.6,0.0,39.73627022137037,243.75549397866965
Ottawa Downtown,2024-08-08,2.504166666666667,833,18.9,2.2,35.0,120.0
Ottawa Downtown,2024-08-09,1.7791666666666668,582,19.5,74.1,36.0,20.0
Ottawa Downtown,2024-08-10,1.1291666666666667,881,20.0,1.1,40.0,210.0
Ottawa Downtown,2024-08-11,1.2,841,18.0,4.0,39.0,230.0
Ottawa Downtown,2024-08-12,0.8434782608695651,648,17.5,0.0,39.0,280.0
Ottawa Downtown,2024-08-13,1.7333333333333334,805,20.7,0.0,39.33529176633087,245.4488678685584
Ottawa Downtown,2024-08-14,3.1041666666666665,768,23.2,0.0,38.58064773098256,235.43225391303014
Ottawa Downtown,2024-08-15,2.6458333333333335,839,24.3,0.0,38.695924368058044,238.39905321506342
Ottawa Downtown,2024-08-16,4.208333333333333,904,23.9,0.0,38.66605618643764,230.19867243698405
Ottawa Downtown,2024-08-17,2.904166666666667,664,22.3,9.2,40.25176394774979,218.52517875279722
Ottawa Downtown,2024-08-18,1.4875,640,23.3,4.6,41.0,190.0
Ottawa Downtown,2024-08-19,0.5130434782608696,819,15.5,1.5,44.0,340.0
Ottawa Downtown,2024-08-20,0.4708333333333334,896,15.7,0.0,46.0,350.0
Ottawa Downtown,2024-08-21,1.2166666666666666,824,16.3,6.5,33.0,30.0
Ottawa Downtown,2024-08-22,1.9833333333333332,992,18.5,0.0,35.0,310.0
Ottawa Downtown,2024-08-23,2.341666666666667,720,18.4,0.0,46.0,240.0
Ottawa Downtown,2024-08-24,2.2958333333333334,732,19.1,0.0,39.2748935872297,242.12906199649464
Ottawa Downtown,2024-08-25,2.5666666666666664,786,22.3,0.0,38.87396260309354,239.3572020124846
Ottawa Downtown,2024-08-26,3.2695652173913037,831,22.1,0.0,38.909732854969555,235.87718629198622
Ottawa Downtown,2024-08-27,3.0375,632,22.5,1.4,37.0,200.0
Ottawa Downtown,2024-08-28,0.8458333333333333,849,17.4,0.0,43.0,330.0
Ottawa Downtown,2024-08-29,1.6916666666666667,590,16.5,0.0,39.38380578825694,245.42490839625202
Ottawa Downtown,2024-08-30,2.9875000000000003,696,17.7,1.2,39.501417401039895,236.13565042107825
Ottawa Downtown,2024-08-31,2.8958333333333335,790,19.3,18.7,35.0,210.0
Ottawa Downtown,2024-09-01,1.825,903,18.1,0.0,50.0,310.0
Ottawa Downtown,2024-09-02,0.8565217391304347,798,14.3,0.0,35.0,330.0
Ottawa Downtown,2024-09-03,2.1416666666666666,831,16.0,0.0,40.08494619690549,246.06714372962222
Ottawa Downtown,2024-09-04,3.1666666666666665,802,17.4,0.0,32.0,220.0
Ottawa Downtown,2024-09-05,6.429166666666667,739,17.6,0.0,34.0,190.0
Ottawa Downtown,2024-09-06,4.75,726,17.8,1.6,39.331537636717485,225.2726051097365
Ottawa Downtown,2024-09-07,1.1791666666666665,595,12.1,20.9,40.0,270.0
Ottawa Downtown,2024-09-08,0.5458333333333333,701,9.6,0.0,47.0,250.0
Ottawa Downtown,2024-09-09,1.7521739130434784,744,13.8,0.1,40.27186120572918,248.36506795784234
Ottawa Downtown,2024-09-10,3.758333333333333,766,13.9,0.0,39.93687412542663,236.90068391465513
Ottawa Downtown,2024-09-11,4.158333333333334,734,16.4,0.0,39.372874507844344,232.69109207245324
Ottawa Downtown,2024-09-12,6.766666666666667,926,19.7,0.0,38.93507355311979,217.75917862541755
Ottawa Downtown,2024-09-13,4.033333333333333,983,20.2,0.0,39.51753897803623,234.35780445452366
Ottawa Downtown,2024-09-14,3.6833333333333336,852,20.6,0.0,39.134837246038686,234.5571600839169
Ottawa Downtown,2024-09-15,4.016666666666667,722,21.4,0.0,38.56745760958772,230.49506040320335
Ottawa Downtown,2024-09-16,4.869565217391305,591,21.0,0.0,38.09399966855539,224.03833281971453
Ottawa Downtown,2024-09-17,5.1875,461,21.6,0.0,37.561255098204136,220.182704366076
Ottawa Downtown,2024-09-18,5.0,270,20.1,0.0,37.276409609128365,219.76491474182419
Ottawa Downtown,2024-09-19,2.9791666666666665,399,20.5,0.0,37.955815267965335,233.10722822809535
Ottawa Downtown,2024-09-20,2.579166666666667,528,20.9,0.0,38.341307524537136,236.8591163876878
Ottawa Downtown,2024-09-21,1.6666666666666667,747,19.8,0.0,32.0,100.0
Ottawa Downtown,2024-09-22,1.6416666666666666,656,18.1,0.0,31.0,80.0
Ottawa Downtown,2024-09-23,3.1565217391304343,854,16.4,0.6,40.02198294547694,238.99315658920344
Ottawa Downtown,2024-09-24,2.8458333333333337,924,16.7,0.5,37.0,90.0
Ottawa Downtown,2024-09-25,2.8874999999999997,709,14.9,24.2,32.0,180.0
Ottawa Downtown,2024-09-26,2.591666666666667,845,17.0,2.1,37.0,290.0
Ottawa Downtown,2024-09-27,2.4791666666666665,832,16.1,0.0,40.00986409903666,244.02123743346684
Ottawa Downtown,2024-09-28,1.9124999999999999,826,15.6,0.0,40.175381471555674,247.5903139982805
Ottawa Downtown,2024-09-29,1.8,847,17.1,0.0,40.01824759124373,247.6537084244493
Ottawa Downtown,2024-09-30,2.2086956521739127,851,17.5,0.0,39.89419277905132,245.0637027231549
Ottawa Downtown,2024-10-01,4.145833333333333,732,9.777532013761885,2.8105655091108743,40.97220613710791,231.27295416231044
Ottawa Downtown,2024-10-02,2.3666666666666667,743,11.7,9.0,42.22946237609747,229.18930723531497
Ottawa Downtown,2024-10-03,4.683333333333334,719,8.934540844987023,2.7645928674110887,40.963134003391964,228.5072157889594
Ottawa Downtown,2024-10-04,3.6208333333333336,799,13.9,0.0,40.05743141128671,238.12450194434817
Ottawa Downtown,2024-10-05,1.3,758,10.6,0.0,40.884085491508344,253.24713238595814
Ottawa Downtown,2024-10-06,1.8916666666666668,725,12.0,8.3,38.0,130.0
Ottawa Downtown,2024-10-07,2.6739130434782608,731,8.1,0.0,42.0,310.0
Ottawa Downtown,2024-10-08,4.266666666666667,712,7.9,0.9,40.816874893670764,234.97965252319025
Ottawa Downtown,2024-10-09,1.9791666666666667,707,7.1,0.2,41.209944194859204,250.23930671096366
Ottawa Downtown,2024-10-10,1.5291666666666668,701,8.2,0.0,33.0,310.0
Ottawa Downtown,2024-10-11,3.141666666666667,754,10.7,1.2,42.0,220.0
Ottawa Downtown,2024-10-12,4.365384615384616,783,9.4,0.0,51.0,340.0
Ottawa Downtown,2024-10-13,5.013678343635046,716,8.1,0.0,40.4856368835381,232.18745390055145
Ottawa Downtown,2024-10-14,3.6670589406513168,718,7.7,0.0,39.0,350.0
Ottawa Downtown,2024-10-15,3.9048999378698452,703,6.8,1.1,40.0,340.0
Ottawa Downtown,2024-10-16,4.200577761160235,681,6.5,0.0,34.0,340.0
Ottawa Downtown,2024-10-17,5.202316301125871,701,7.1,0.0,40.56911206554773,231.46990686990006
Ottawa Downtown,2024-10-18,8.227272727272727,636,3.3763834277512093,2.461477972595591,40.90331801815842,210.27166383612456
Ottawa Downtown,2024-10-19,7.875,731,9.6,0.0,39.7716173884925,214.57918293368175
Ottawa Downtown,2024-10-20,4.983333333333333,761,12.0,0.0,38.0,220.0
Ottawa Downtown,2024-10-21,8.86086956521739,842,17.8,0.0,38.61283162850559,205.412710521475
Ottawa Downtown,2024-10-22,5.533333333333334,836,16.9,0.0,39.34288421225652,225.54938235100107
Ottawa Downtown,2024-10-23,5.316666666666666,803,13.9,0.3,43.0,200.0
Ottawa Downtown,2024-10-24,1.8541666666666667,676,4.8,0.0,41.46935405495543,252.29386968557804
Ottawa Downtown,2024-10-25,6.091666666666666,658,4.1,0.0,40.758978193379214,227.39528592637635
Ottawa Downtown,2024-10-26,1.075,701,5.7,0.2,43.0,310.0
Ottawa Downtown,2024-10-27,1.7749999999999997,634,3.6,0.0,33.0,300.0
Ottawa Downtown,2024-10-28,4.873913043478261,622,1.3,0.0,41.31966338679071,235.76125179506417
Ottawa Downtown,2024-10-29,8.554166666666667,580,5.7,21.4,36.0,160.0
Ottawa Downtown,2024-10-30,6.320833333333333,796,14.8,0.0,37.0,210.0
Ottawa Downtown,2024-10-31,3.9416666666666664,891,18.7,7.8,55.0,220.0
Ottawa Downtown,2024-11-01,1.4375,796,14.025161933945302,3.042210602947003,41.01791843877741,245.2088451908236
Ottawa Downtown,2024-11-02,2.0375,632,1.6,0.0,41.815184696233636,252.49536499720026
Ottawa Downtown,2024-11-03,7.495833333333333,612,1.0,0.0,40.86430911311972,220.3017431865115
Ottawa Downtown,2024-11-04,7.765217391304349,622,3.3,7.0,41.84402670093404,204.336597186174
Ottawa Downtown,2024-11-05,9.008333333333333,764,12.4,0.0,38.0,220.0
Ottawa Downtown,2024-11-06,1.9583333333333333,823,14.7,0.0,44.0,210.0
Ottawa Downtown,2024-11-07,2.154166666666667,719,8.1,0.0,39.0,300.0
Ottawa Downtown,2024-11-08,1.7416666666666665,805,7.3,0.5,66.0,320.0
Ottawa Downtown,2024-11-09,5.291666666666667,649,3.3,0.0,41.00383103107981,232.47195101056647
Ottawa Downtown,2024-11-10,8.554166666666667,606,1.6,4.0,41.339642857748295,206.0926422279136
Ottawa Downtown,2024-11-11,4.739130434782608,713,8.2,8.7,45.0,330.0
Ottawa Downtown,2024-11-12,1.4791666666666667,653,1.3,0.0,47.0,320.0
Ottawa Downtown,2024-11-13,6.337500000000001,605,0.3,0.0,41.16438524518121,227.46743123464236
Ottawa Downtown,2024-11-14,4.925,554,0.1,0.0,32.0,70.0
Ottawa Downtown,2024-11-15,5.7375,668,4.8,0.0,40.74214072826018,229.21749800647845
Ottawa Downtown,2024-11-16,2.1416666666666666,708,7.1,0.0,41.14227343067974,249.65756435072578
Ottawa Downtown,2024-11-17,10.875,626,2.8,1.3,40.25972827578745,196.99983701670888
Ottawa Downtown,2024-11-18,6.2,668,5.9,0.3,35.0,280.0
Ottawa Downtown,2024-11-19,5.545833333333334,687,6.1,0.0,40.623592174890376,229.8320170956541
Ottawa Downtown,2024-11-20,4.095833333333334,675,4.7,0.0,47.0,80.0
Ottawa Downtown,2024-11-21,4.2,600,5.5,20.4,43.0,80.0
Ottawa Downtown,2024-11-22,1.4208333333333334,668,6.3,6.0,44.0,80.0
Ottawa Downtown,2024-11-23,1.3999999999999997,683,4.5,0.4,43.0,320.0
Ottawa Downtown,2024-11-24,0.9916666666666667,644,1.2,0.0,45.0,310.0
Ottawa Downtown,2024-11-25,5.817391304347827,607,0.4,0.0,41.24990344067753,230.51779026452067
Ottawa Downtown,2024-11-26,6.358333333333333,579,2.4,6.7,32.0,230.0
Ottawa Downtown,2024-11-27,4.420833333333333,650,3.1,0.0,42.0,230.0
Ottawa Downtown,2024-11-28,10.695833333333333,592,0.0,0.0,40.38386117600854,201.68943864847404
Ottawa Downtown,2024-11-29,8.720833333333333,576,-0.1,0.0,35.0,230.0
Ottawa Downtown,2024-11-30,4.541666666666667,581,1.0,0.1,31.0,240.0
Ottawa Downtown,2024-12-01,5.195833333333333,534,-2.1,0.1,31.0,220.0
Ottawa Downtown,2024-12-02,4.247826086956521,562,-3.1,0.0,41.95963128367024,241.25675866560175
Ottawa Downtown,2024-12-03,6.058333333333333,560,-3.0,0.0,41.60870613862101,230.4576345059103
Ottawa Downtown,2024-12-04,6.820833333333333,539,-3.1,5.2,43.0,180.0
Ottawa Downtown,2024-12-05,8.0625,591,-2.6,2.0,49.0,300.0
Ottawa Downtown,2024-12-06,7.675,500,-8.2,0.0,44.0,300.0
Ottawa Downtown,2024-12-07,4.9624999999999995,515,-4.6,8.0,43.49360546899639,222.25900587289806
Ottawa Downtown,2024-12-08,4.95,571,-1.1,7.5,43.0,280.0
Ottawa Downtown,2024-12-09,3.8347826086956522,530,-6.0,3.0,52.0,80.0
Ottawa Downtown,2024-12-10,9.129166666666668,531,-1.8,12.7,43.25583522801696,187.34773453669922
Ottawa Downtown,2024-12-11,8.633333333333333,633,1.4,5.2,49.0,270.0
Ottawa Downtown,2024-12-12,3.566666666666667,746,10.685871335154957,2.8601019214850614,40.981981537003385,234.25309085917712
Ottawa Downtown,2024-12-13,7.795833333333334,479,-7.7,0.0,37.0,270.0
Ottawa Downtown,2024-12-14,9.875,448,-10.5,0.0,41.78498325675908,210.8030590688681
Ottawa Downtown,2024-12-15,8.237499999999999,457,-10.1,0.0,42.04410975288086,220.37239364166544
Ottawa Downtown,2024-12-16,11.56086956521739,531,-2.7,7.2,41.88327804740563,183.81787167725813
Ottawa Downtown,2024-12-17,7.8875,641,3.3,5.5,45.0,230.0
Ottawa Downtown,2024-12-18,8.733333333333333,604,1.3,3.2,41.19277075936825,206.68458446697014
Ottawa Downtown,2024-12-19,2.3625000000000003,517,-5.3,0.0,35.0,340.0
Ottawa Downtown,2024-12-20,4.175,483,-8.8,0.1,42.66905379257646,243.79705434244187
Ottawa Downtown,2024-12-21,1.3625,426,-13.0,0.0,40.0,340.0
Ottawa Downtown,2024-12-22,6.7625,397,-14.7,0.0,42.86680971234016,230.99317628850034
Ottawa Downtown,2024-12-23,9.847826086956522,386,-12.6,10.9,44.06914260893746,190.8891763654027
Ottawa Downtown,2024-12-24,9.5625,487,-7.3,2.2,41.87298284117102,207.14622765089098
Ottawa Downtown,2024-12-25,8.65,481,-8.3,0.0,41.753021380704205,217.19499566698033
Ottawa Downtown,2024-12-26,9.066666666666668,496,-7.2,0.0,41.544313305666336,214.27523026996602
Ottawa Downtown,2024-12-27,9.191666666666668,511,-6.1,0.0,41.39022425731159,213.0886687544292
Ottawa Downtown,2024-12-28,10.637500000000001,461,-5.7,0.7,31.0,70.0
Ottawa Downtown,2024-12-29,10.433333333333332,519,0.5,11.7,33.0,80.0
Ottawa Downtown,2024-12-30,8.517391304347827,692,4.9,3.0,51.0,210.0
Ottawa Downtown,2024-12-31,5.491666666666667,653,3.9,1.0,41.08129831453559,229.12191850909522
