Date,Mean_Temp,Total_Precip,Wind_Speed,Wind_Dir
2022-01-01,-3.2,0.1,34.0,180.0
2022-01-02,-12.3,0.0,34.0,180.0
2022-01-03,-15.4,0.0,41.53575615474795,180.0
2022-01-04,-7.2,0.0,41.53575615474795,180.0
2022-01-05,-1.8,0.0,59.0,180.0
2022-01-06,-5.8,0.0,47.0,180.0
2022-01-07,-13.9,0.2,42.0,180.0
2022-01-08,-16.8,0.0,41.53575615474795,180.0
2022-01-09,-4.6,1.7,62.0,180.0
2022-01-10,-15.7,0.0,47.0,180.0
2022-01-11,-21.3,0.0,35.0,180.0
2022-01-12,-11.7,1.3,41.53575615474795,180.0
2022-01-13,-8.0,0.2,41.53575615474795,180.0
2022-01-14,-15.0,0.1,37.0,180.0
2022-01-15,-22.4,0.0,41.53575615474795,180.0
2022-01-16,-20.1,0.0,41.53575615474795,180.0
2022-01-17,-9.8,21.7,45.0,180.0
2022-01-18,-15.8,0.0,40.0,180.0
2022-01-19,-10.2,4.4,38.0,180.0
2022-01-20,-18.5,0.0,41.0,180.0
2022-01-21,-24.3,0.0,41.53575615474795,180.0
2022-01-22,-23.6,0.0,41.53575615474795,180.0
2022-01-23,-17.5,0.0,34.0,180.0
2022-01-24,-21.5,0.6,41.53575615474795,180.0
2022-01-25,-15.1,0.7,31.0,180.0
2022-01-26,-21.8,0.0,41.53575615474795,180.0
2022-01-27,-13.9,1.4,44.0,180.0
2022-01-28,-14.0,0.1,47.0,180.0
2022-01-29,-19.0,0.0,33.0,180.0
2022-01-30,-15.2,0.0,41.53575615474795,180.0
2022-01-31,-13.4,0.0,41.53575615474795,180.0
2022-02-01,-10.7,0.0,41.53575615474795,180.0
2022-02-02,-1.2,3.7,41.53575615474795,180.0
2022-02-03,-5.8,2.3,36.0,180.0
2022-02-04,-12.4,0.8,33.0,180.0
2022-02-05,-17.7,0.0,35.0,180.0
2022-02-06,-14.8,0.2,41.53575615474795,180.0
2022-02-07,-6.4,0.0,41.53575615474795,180.0
2022-02-08,-5.6,0.0,41.53575615474795,180.0
2022-02-09,-6.6,0.0,41.53575615474795,180.0
2022-02-10,0.6,0.9,37.0,180.0
2022-02-11,1.6,3.0,52.0,180.0
2022-02-12,-8.4,1.0,44.0,180.0
2022-02-13,-18.4,0.0,41.53575615474795,180.0
2022-02-14,-18.8,0.0,32.0,180.0
2022-02-15,-13.9,0.6,41.53575615474795,180.0
2022-02-16,-4.4,0.0,57.0,180.0
2022-02-17,-0.6,19.4,52.0,180.0
2022-02-18,-13.0,2.5,52.0,180.0
2022-02-19,-9.2,2.9,64.0,180.0
2022-02-20,-7.1,0.0,46.0,180.0
2022-02-21,-0.9,0.0,37.0,180.0
2022-02-22,-4.4,7.6,46.0,180.0
2022-02-23,-7.1,0.0,37.0,180.0
2022-02-24,-13.3,0.0,41.53575615474795,180.0
2022-02-25,-16.6,4.2,43.0,180.0
2022-02-26,-14.2,1.8,46.0,180.0
2022-02-27,-7.5,0.5,49.0,180.0
2022-02-28,-14.4,0.0,41.53575615474795,180.0
2022-03-01,-12.1,2.8,34.0,180.0
2022-03-02,-8.5,2.2,41.53575615474795,180.0
2022-03-03,-13.0,0.0,38.0,180.0
2022-03-04,-11.9,0.0,41.53575615474795,180.0
2022-03-05,-7.1,0.0,39.0,180.0
2022-03-06,5.6,4.0,58.0,180.0
2022-03-07,-0.3,8.7,36.0,180.0
2022-03-08,-4.3,0.9,43.0,180.0
2022-03-09,-2.2,0.0,35.0,180.0
2022-03-10,-0.4,0.0,32.0,180.0
2022-03-11,-2.1,7.3,41.53575615474795,180.0
2022-03-12,-5.6,4.1,50.0,180.0
2022-03-13,-7.8,0.0,42.0,180.0
2022-03-14,0.5,0.7,45.0,180.0
2022-03-15,1.1,0.0,41.53575615474795,180.0
2022-03-16,1.2,0.0,33.0,180.0
2022-03-17,6.3,0.0,41.53575615474795,180.0
2022-03-18,5.7,0.0,41.53575615474795,180.0
2022-03-19,3.3,12.0,43.0,180.0
2022-03-20,4.4,2.5,35.0,180.0
2022-03-21,2.4,0.0,47.0,180.0
2022-03-22,0.8,0.0,40.0,180.0
2022-03-23,0.4,13.8,43.0,180.0
2022-03-24,5.2,3.7,46.0,180.0
2022-03-25,5.7,1.2,36.0,180.0
2022-03-26,4.5,0.1,34.0,180.0
2022-03-27,-5.1,0.0,47.0,180.0
2022-03-28,-9.7,0.0,38.0,180.0
2022-03-29,-5.1,0.0,39.0,180.0
2022-03-30,-1.9,1.8,37.0,180.0
2022-03-31,6.5,1.3,49.0,180.0
2022-04-01,2.6,0.0,51.0,180.0
2022-04-02,2.1,0.0,34.0,180.0
2022-04-03,3.3,1.4,37.0,180.0
2022-04-04,5.0,0.0,41.53575615474795,180.0
2022-04-05,7.1,0.0,41.53575615474795,180.0
2022-04-06,9.0,0.0,48.0,180.0
2022-04-07,5.3,30.8,37.0,180.0
2022-04-08,4.1,10.7,41.53575615474795,180.0
2022-04-09,4.6,0.0,33.0,180.0
2022-04-10,4.1,0.0,36.0,180.0
2022-04-11,5.2,0.4,31.0,180.0
2022-04-12,12.0,0.0,46.0,180.0
2022-04-13,8.2,4.1,36.0,180.0
2022-04-14,,0.0,41.53575615474795,180.0
2022-04-15,7.6,0.7,75.0,180.0
2022-04-16,4.1,0.0,35.0,180.0
2022-04-17,3.7,0.0,42.0,180.0
2022-04-18,5.0,3.6,41.0,180.0
2022-04-19,2.7,10.9,49.0,180.0
2022-04-20,4.9,0.0,55.0,180.0
2022-04-21,7.0,3.3,56.0,180.0
2022-04-22,6.9,0.0,40.0,180.0
2022-04-23,5.5,0.5,41.53575615474795,180.0
2022-04-24,9.4,0.0,50.0,180.0
2022-04-25,13.2,9.6,32.0,180.0
2022-04-26,10.4,2.2,41.0,180.0
2022-04-27,3.5,10.1,48.0,180.0
2022-04-28,,0.0,41.53575615474795,180.0
2022-04-29,6.7,0.0,41.0,180.0
2022-04-30,8.4,0.0,41.53575615474795,180.0
2022-05-01,10.7,0.0,41.53575615474795,180.0
2022-05-02,11.8,0.7,41.53575615474795,180.0
2022-05-03,12.1,5.0,41.53575615474795,180.0
2022-05-04,12.4,2.4,35.0,180.0
2022-05-05,10.9,0.0,31.0,180.0
2022-05-06,11.5,0.0,31.0,180.0
2022-05-07,9.9,0.0,38.0,180.0
2022-05-08,11.7,0.0,41.53575615474795,180.0
2022-05-09,12.5,0.0,38.0,180.0
2022-05-10,15.8,0.0,41.53575615474795,180.0
2022-05-11,17.2,0.0,41.53575615474795,180.0
2022-05-12,20.3,0.0,41.53575615474795,180.0
2022-05-13,20.6,0.0,42.0,180.0
2022-05-14,22.1,0.0,44.0,180.0
2022-05-15,20.9,28.3,35.0,180.0
2022-05-16,16.6,26.1,43.0,180.0
2022-05-17,11.4,2.5,48.0,180.0
2022-05-18,11.7,0.0,41.53575615474795,180.0
2022-05-19,8.3,4.4,41.53575615474795,180.0
2022-05-20,17.4,0.0,49.0,180.0
2022-05-21,23.3,13.0,93.0,180.0
2022-05-22,14.2,2.2,38.0,180.0
2022-05-23,11.4,0.0,41.53575615474795,180.0
2022-05-24,12.7,0.0,41.53575615474795,180.0
2022-05-25,13.6,0.0,41.53575615474795,180.0
2022-05-26,18.5,2.1,47.0,180.0
2022-05-27,19.8,14.9,42.0,180.0
2022-05-28,17.8,0.7,38.0,180.0
2022-05-29,18.5,0.0,33.0,180.0
2022-05-30,21.3,0.0,38.0,180.0
2022-05-31,19.5,0.0,38.0,180.0
2022-06-01,16.3,5.8,31.0,180.0
2022-06-02,16.1,0.7,41.53575615474795,180.0
2022-06-03,18.0,4.8,43.0,180.0
2022-06-04,14.5,0.0,46.0,180.0
2022-06-05,15.1,0.0,32.0,180.0
2022-06-06,15.1,3.7,41.53575615474795,180.0
2022-06-07,17.2,19.3,48.0,180.0
2022-06-08,19.2,0.0,35.0,180.0
2022-06-09,16.7,13.2,31.0,180.0
2022-06-10,17.2,0.0,42.0,180.0
2022-06-11,18.0,0.0,37.0,180.0
2022-06-12,18.0,3.6,41.53575615474795,180.0
2022-06-13,17.1,0.0,40.0,180.0
2022-06-14,19.7,0.0,36.0,180.0
2022-06-15,19.5,0.1,41.53575615474795,180.0
2022-06-16,23.2,1.8,41.0,180.0
2022-06-17,18.3,0.8,58.0,180.0
2022-06-18,12.8,0.0,57.0,180.0
2022-06-19,15.1,0.0,44.0,180.0
2022-06-20,16.7,0.0,41.53575615474795,180.0
2022-06-21,15.4,14.4,41.53575615474795,180.0
2022-06-22,21.4,0.2,32.0,180.0
2022-06-23,18.2,2.4,41.53575615474795,180.0
2022-06-24,20.6,0.0,41.53575615474795,180.0
2022-06-25,22.8,0.0,41.53575615474795,180.0
2022-06-26,24.0,0.0,44.0,180.0
2022-06-27,18.8,1.4,41.0,180.0
2022-06-28,19.2,0.0,36.0,180.0
2022-06-29,16.6,1.3,33.0,180.0
2022-06-30,17.8,0.0,33.0,180.0
2022-07-01,23.8,0.0,39.0,180.0
2022-07-02,21.9,0.0,45.0,180.0
2022-07-03,19.2,0.0,39.0,180.0
2022-07-04,20.4,0.0,32.0,180.0
2022-07-05,19.2,1.9,41.53575615474795,180.0
2022-07-06,17.9,0.0,31.0,180.0
2022-07-07,18.2,0.0,41.53575615474795,180.0
2022-07-08,19.4,0.0,35.0,180.0
2022-07-09,17.1,0.0,41.53575615474795,180.0
2022-07-10,20.6,0.0,43.0,180.0
2022-07-11,22.7,1.2,45.0,180.0
2022-07-12,22.2,7.4,44.0,180.0
2022-07-13,20.3,0.2,41.53575615474795,180.0
2022-07-14,19.7,0.0,36.0,180.0
2022-07-15,19.6,0.0,41.53575615474795,180.0
2022-07-16,22.9,0.0,41.53575615474795,180.0
2022-07-17,24.2,0.0,41.53575615474795,180.0
2022-07-18,21.0,20.4,41.53575615474795,180.0
2022-07-19,24.2,0.0,35.0,180.0
2022-07-20,26.5,0.0,36.0,180.0
2022-07-21,24.1,3.2,56.0,180.0
2022-07-22,23.7,0.0,43.0,180.0
2022-07-23,24.8,1.3,40.0,180.0
2022-07-24,22.9,19.4,39.0,180.0
2022-07-25,20.6,0.0,50.0,180.0
2022-07-26,20.0,0.0,41.53575615474795,180.0
2022-07-27,20.4,0.0,33.0,180.0
2022-07-28,22.0,5.8,38.0,180.0
2022-07-29,21.1,0.0,40.0,180.0
2022-07-30,20.0,0.0,41.53575615474795,180.0
2022-07-31,21.3,0.0,37.0,180.0
2022-08-01,23.1,0.0,49.0,180.0
2022-08-02,17.9,2.0,41.0,180.0
2022-08-03,18.6,0.7,36.0,180.0
2022-08-04,24.6,4.9,31.0,180.0
2022-08-05,23.4,0.0,41.53575615474795,180.0
2022-08-06,25.0,0.0,34.0,180.0
2022-08-07,25.8,55.9,66.0,180.0
2022-08-08,17.7,43.0,41.53575615474795,180.0
2022-08-09,17.6,1.7,41.53575615474795,180.0
2022-08-10,20.4,0.0,41.53575615474795,180.0
2022-08-11,19.8,0.0,37.0,180.0
2022-08-12,17.0,0.0,32.0,180.0
2022-08-13,17.1,0.0,41.53575615474795,180.0
2022-08-14,18.4,0.0,41.53575615474795,180.0
2022-08-15,19.8,0.0,41.53575615474795,180.0
2022-08-16,21.5,0.0,41.53575615474795,180.0
2022-08-17,22.2,0.0,38.0,180.0
2022-08-18,21.7,0.0,35.0,180.0
2022-08-19,22.9,0.0,41.53575615474795,180.0
2022-08-20,22.8,0.0,41.53575615474795,180.0
2022-08-21,22.0,0.0,40.0,180.0
2022-08-22,21.3,0.0,33.0,180.0
2022-08-23,20.7,0.0,41.53575615474795,180.0
2022-08-24,21.6,0.0,41.53575615474795,180.0
2022-08-25,,0.0,41.53575615474795,180.0
2022-08-26,17.6,0.0,36.0,180.0
2022-08-27,16.9,0.0,41.53575615474795,180.0
2022-08-28,18.1,0.0,41.53575615474795,180.0
2022-08-29,23.1,1.8,62.0,180.0
2022-08-30,22.6,5.4,34.0,180.0
2022-08-31,17.9,20.1,51.0,180.0
2022-09-01,13.4,0.0,38.0,180.0
2022-09-02,16.9,0.0,33.0,180.0
2022-09-03,20.8,22.5,42.0,180.0
2022-09-04,15.4,0.0,36.0,180.0
2022-09-05,16.4,0.0,41.53575615474795,180.0
2022-09-06,17.5,0.0,41.53575615474795,180.0
2022-09-07,18.9,0.0,41.53575615474795,180.0
2022-09-08,19.3,0.0,41.53575615474795,180.0
2022-09-09,19.1,0.0,41.53575615474795,180.0
2022-09-10,20.7,0.0,41.53575615474795,180.0
2022-09-11,19.3,0.0,41.53575615474795,180.0
2022-09-12,19.2,0.2,41.53575615474795,180.0
2022-09-13,18.8,6.6,41.53575615474795,180.0
2022-09-14,15.0,2.9,38.0,180.0
2022-09-15,11.6,0.0,41.53575615474795,180.0
2022-09-16,12.5,0.1,41.53575615474795,180.0
2022-09-17,13.1,0.0,41.53575615474795,180.0
2022-09-18,16.4,10.0,36.0,180.0
2022-09-19,12.0,9.2,41.53575615474795,180.0
2022-09-20,13.8,1.6,41.53575615474795,180.0
2022-09-21,17.1,3.6,33.0,180.0
2022-09-22,12.4,0.0,52.0,180.0
2022-09-23,9.0,0.0,45.0,180.0
2022-09-24,11.6,0.0,41.53575615474795,180.0
2022-09-25,13.5,0.2,41.53575615474795,180.0
2022-09-26,14.7,4.0,36.0,180.0
2022-09-27,13.8,0.1,41.53575615474795,180.0
2022-09-28,11.7,0.0,34.0,180.0
2022-09-29,8.9,0.0,41.53575615474795,180.0
2022-09-30,10.1,0.0,41.53575615474795,180.0
2022-10-01,11.8,0.0,34.0,180.0
2022-10-02,7.5,0.0,31.0,180.0
2022-10-03,8.1,0.0,41.53575615474795,180.0
2022-10-04,9.0,0.0,41.53575615474795,180.0
2022-10-05,12.9,0.0,41.53575615474795,180.0
2022-10-06,14.9,0.0,41.53575615474795,180.0
2022-10-07,8.4,2.0,40.0,180.0
2022-10-08,4.5,0.1,36.0,180.0
2022-10-09,6.7,0.3,40.0,180.0
2022-10-10,5.7,0.0,41.53575615474795,180.0
2022-10-11,8.6,0.0,41.53575615474795,180.0
2022-10-12,11.6,0.0,41.53575615474795,180.0
2022-10-13,13.9,9.2,64.0,180.0
2022-10-14,9.9,0.3,46.0,180.0
2022-10-15,10.7,0.0,47.0,180.0
2022-10-16,7.7,0.0,41.53575615474795,180.0
2022-10-17,8.2,15.5,41.53575615474795,180.0
2022-10-18,6.3,0.0,41.53575615474795,180.0
2022-10-19,,0.0,41.53575615474795,180.0
2022-10-20,5.7,0.1,49.0,180.0
2022-10-21,6.7,0.0,39.0,180.0
2022-10-22,12.0,0.0,38.0,180.0
2022-10-23,12.0,0.0,41.53575615474795,180.0
2022-10-24,12.9,0.0,41.53575615474795,180.0
2022-10-25,15.6,0.0,41.53575615474795,180.0
2022-10-26,16.5,0.2,53.0,180.0
2022-10-27,3.7,0.0,54.0,180.0
2022-10-28,2.7,0.0,41.53575615474795,180.0
2022-10-29,6.1,0.0,41.53575615474795,180.0
2022-10-30,7.5,0.0,41.53575615474795,180.0
2022-10-31,8.2,0.7,41.53575615474795,180.0
2022-11-01,11.8,0.0,41.53575615474795,180.0
2022-11-02,8.8,0.0,41.53575615474795,180.0
2022-11-03,8.7,0.0,41.53575615474795,180.0
2022-11-04,11.4,0.0,41.0,180.0
2022-11-05,18.9,0.0,48.0,180.0
2022-11-06,17.5,2.3,61.0,180.0
2022-11-07,9.5,0.0,56.0,180.0
2022-11-08,1.4,0.0,38.0,180.0
2022-11-09,2.9,0.0,41.53575615474795,180.0
2022-11-10,12.7,0.0,43.0,180.0
2022-11-11,12.5,21.4,41.53575615474795,180.0
2022-11-12,8.8,2.4,42.0,180.0
2022-11-13,1.1,0.0,38.0,180.0
2022-11-14,-0.6,0.0,34.0,180.0
2022-11-15,-1.8,0.0,33.0,180.0
2022-11-16,-0.8,5.6,32.0,180.0
2022-11-17,-5.5,0.1,43.0,180.0
2022-11-18,-6.2,1.1,41.53575615474795,180.0
2022-11-19,-4.5,0.7,42.0,180.0
2022-11-20,-7.9,0.1,59.0,180.0
2022-11-21,-3.4,0.0,53.0,180.0
2022-11-22,-4.3,0.1,31.0,180.0
2022-11-23,-0.4,0.0,41.53575615474795,180.0
2022-11-24,0.2,0.0,41.53575615474795,180.0
2022-11-25,1.6,4.9,43.0,180.0
2022-11-26,5.5,0.0,44.0,180.0
2022-11-27,5.2,1.6,41.53575615474795,180.0
2022-11-28,1.2,0.0,42.0,180.0
2022-11-29,-0.4,0.0,41.53575615474795,180.0
2022-11-30,3.4,22.2,68.0,180.0
2022-12-01,-1.7,0.0,55.0,180.0
2022-12-02,-0.5,0.4,35.0,180.0
2022-12-03,3.5,4.0,69.0,180.0
2022-12-04,-1.7,0.0,40.0,180.0
2022-12-05,2.7,0.0,39.0,180.0
2022-12-06,3.5,2.1,41.53575615474795,180.0
2022-12-07,4.1,5.6,41.53575615474795,180.0
2022-12-08,0.2,0.0,41.53575615474795,180.0
2022-12-09,-4.4,0.0,32.0,180.0
2022-12-10,-7.2,0.0,41.0,180.0
2022-12-11,-6.6,4.0,38.0,180.0
2022-12-12,-6.5,0.0,41.53575615474795,180.0
2022-12-13,-6.9,0.0,43.0,180.0
2022-12-14,-5.5,0.0,34.0,180.0
2022-12-15,-0.3,0.4,47.0,180.0
2022-12-16,-0.3,12.6,49.0,180.0
2022-12-17,-0.6,2.7,41.53575615474795,180.0
2022-12-18,-3.7,0.0,41.53575615474795,180.0
2022-12-19,-3.3,0.0,41.53575615474795,180.0
2022-12-20,-6.1,0.1,41.53575615474795,180.0
2022-12-21,-6.1,0.0,41.0,180.0
2022-12-22,-6.4,6.8,43.0,180.0
2022-12-23,-3.8,21.4,76.0,180.0
2022-12-24,,0.0,66.0,180.0
2022-12-25,,0.0,48.0,180.0
2022-12-26,,0.0,31.0,180.0
2022-12-27,,0.3,41.53575615474795,180.0
2022-12-28,,11.0,41.53575615474795,180.0
2022-12-29,1.0,0.0,41.53575615474795,180.0
2022-12-30,6.7,3.9,31.0,180.0
2022-12-31,4.5,24.4,41.53575615474795,180.0
2023-01-01,2.1,0.0,41.53575615474795,180.0
2023-01-02,2.7,0.2,31.0,180.0
2023-01-03,1.6,0.5,41.53575615474795,180.0
2023-01-04,0.9,12.0,46.0,180.0
2023-01-05,-1.7,1.0,41.53575615474795,180.0
2023-01-06,-0.4,5.1,41.53575615474795,180.0
2023-01-07,-6.5,0.0,41.53575615474795,180.0
2023-01-08,-9.1,0.0,41.53575615474795,180.0
2023-01-09,-2.2,1.2,37.0,180.0
2023-01-10,-8.4,0.1,41.53575615474795,180.0
2023-01-11,-10.9,0.0,41.53575615474795,180.0
2023-01-12,,0.0,41.53575615474795,180.0
2023-01-13,-5.4,13.0,32.0,180.0
2023-01-14,-11.7,0.0,41.53575615474795,180.0
2023-01-15,-12.4,0.4,41.53575615474795,180.0
2023-01-16,-10.9,0.0,41.53575615474795,180.0
2023-01-17,-9.0,2.9,41.53575615474795,180.0
2023-01-18,-1.2,1.0,41.53575615474795,180.0
2023-01-19,-2.2,4.7,48.0,180.0
2023-01-20,-2.0,2.5,32.0,180.0
2023-01-21,-5.0,0.0,32.0,180.0
2023-01-22,-1.7,2.1,41.53575615474795,180.0
2023-01-23,-1.2,0.1,41.53575615474795,180.0
2023-01-24,-3.3,0.7,42.0,180.0
2023-01-25,-9.1,11.0,42.0,180.0
2023-01-26,-6.1,6.5,38.0,180.0
2023-01-27,-7.0,0.2,41.0,180.0
2023-01-28,-2.3,0.5,51.0,180.0
2023-01-29,-8.5,8.7,41.0,180.0
2023-01-30,-12.4,2.1,41.53575615474795,180.0
2023-01-31,-16.0,0.0,31.0,180.0
2023-02-01,-14.6,0.0,39.0,180.0
2023-02-02,-8.6,0.0,57.0,180.0
2023-02-03,-22.4,0.0,56.0,180.0
2023-02-04,-26.1,0.1,41.53575615474795,180.0
2023-02-05,-12.7,2.5,41.53575615474795,180.0
2023-02-06,-10.6,0.1,34.0,180.0
2023-02-07,-8.5,3.6,41.53575615474795,180.0
2023-02-08,-0.4,0.0,41.53575615474795,180.0
2023-02-09,-4.8,16.0,32.0,180.0
2023-02-10,0.8,5.4,49.0,180.0
2023-02-11,-4.4,0.1,44.0,180.0
2023-02-12,0.2,0.0,31.0,180.0
2023-02-13,-1.0,0.0,41.53575615474795,180.0
2023-02-14,1.9,0.0,41.53575615474795,180.0
2023-02-15,4.7,2.4,57.0,180.0
2023-02-16,1.5,1.9,38.0,180.0
2023-02-17,-9.6,10.2,42.0,180.0
2023-02-18,-9.0,0.0,35.0,180.0
2023-02-19,1.2,0.0,42.0,180.0
2023-02-20,-2.9,0.1,44.0,180.0
2023-02-21,-9.8,2.6,38.0,180.0
2023-02-22,-10.3,0.1,33.0,180.0
2023-02-23,-10.3,4.0,46.0,180.0
2023-02-24,-15.3,0.1,38.0,180.0
2023-02-25,-18.2,0.7,41.53575615474795,180.0
2023-02-26,-8.8,4.8,41.53575615474795,180.0
2023-02-27,-10.2,0.0,40.0,180.0
2023-02-28,-3.7,10.4,41.0,180.0
2023-03-01,-4.4,0.0,41.53575615474795,180.0
2023-03-02,-2.1,2.3,38.0,180.0
2023-03-03,-8.8,1.5,37.0,180.0
2023-03-04,-3.1,13.2,43.0,180.0
2023-03-05,0.7,0.0,41.53575615474795,180.0
2023-03-06,0.2,0.0,41.0,180.0
2023-03-07,-4.2,0.0,48.0,180.0
2023-03-08,-2.1,0.0,41.0,180.0
2023-03-09,-1.5,0.1,35.0,180.0
2023-03-10,-3.5,0.0,41.53575615474795,180.0
2023-03-11,-1.4,0.0,41.53575615474795,180.0
2023-03-12,-3.7,0.0,41.53575615474795,180.0
2023-03-13,0.0,3.6,41.53575615474795,180.0
2023-03-14,0.3,8.0,45.0,180.0
2023-03-15,-0.9,0.0,47.0,180.0
2023-03-16,0.8,1.3,36.0,180.0
2023-03-17,3.1,8.7,43.0,180.0
2023-03-18,-1.3,0.2,48.0,180.0
2023-03-19,-6.0,0.0,57.0,180.0
2023-03-20,-0.1,0.0,41.0,180.0
2023-03-21,0.7,0.0,41.53575615474795,180.0
2023-03-22,-2.0,0.1,33.0,180.0
2023-03-23,0.9,10.0,41.53575615474795,180.0
2023-03-24,-1.5,0.0,31.0,180.0
2023-03-25,-1.1,9.3,52.0,180.0
2023-03-26,2.8,0.4,51.0,180.0
2023-03-27,1.6,0.0,36.0,180.0
2023-03-28,-1.6,0.0,41.53575615474795,180.0
2023-03-29,-0.3,1.2,61.0,180.0
2023-03-30,-4.0,0.0,40.0,180.0
2023-03-31,-2.2,4.1,32.0,180.0
2023-04-01,2.1,15.2,51.0,180.0
2023-04-02,-4.2,0.0,43.0,180.0
2023-04-03,3.2,0.7,31.0,180.0
2023-04-04,3.1,0.0,31.0,180.0
2023-04-05,-0.8,28.9,41.53575615474795,180.0
2023-04-06,5.0,0.3,41.53575615474795,180.0
2023-04-07,0.8,0.0,54.0,180.0
2023-04-08,-0.3,0.0,41.53575615474795,180.0
2023-04-09,3.1,0.0,41.53575615474795,180.0
2023-04-10,8.7,0.0,40.0,180.0
2023-04-11,14.1,0.0,55.0,180.0
2023-04-12,13.4,0.0,41.53575615474795,180.0
2023-04-13,17.2,0.0,36.0,180.0
2023-04-14,16.3,0.0,41.53575615474795,180.0
2023-04-15,16.4,0.0,41.53575615474795,180.0
2023-04-16,17.0,0.0,41.53575615474795,180.0
2023-04-17,9.7,7.4,48.0,180.0
2023-04-18,4.4,2.9,46.0,180.0
2023-04-19,2.8,0.1,45.0,180.0
2023-04-20,5.5,0.0,41.53575615474795,180.0
2023-04-21,8.9,0.0,46.0,180.0
2023-04-22,17.2,4.9,52.0,180.0
2023-04-23,9.8,0.3,41.53575615474795,180.0
2023-04-24,7.1,2.8,41.53575615474795,180.0
2023-04-25,6.6,0.0,40.0,180.0
2023-04-26,4.6,0.9,41.53575615474795,180.0
2023-04-27,8.2,0.0,41.53575615474795,180.0
2023-04-28,11.5,0.0,33.0,180.0
2023-04-29,10.4,9.4,39.0,180.0
2023-04-30,9.9,31.1,58.0,180.0
2023-05-01,8.1,15.8,54.0,180.0
2023-05-02,8.3,1.8,41.53575615474795,180.0
2023-05-03,8.2,12.7,42.0,180.0
2023-05-04,8.0,0.5,41.53575615474795,180.0
2023-05-05,11.6,0.0,41.53575615474795,180.0
2023-05-06,14.0,0.0,35.0,180.0
2023-05-07,15.2,0.0,32.0,180.0
2023-05-08,12.1,0.0,37.0,180.0
2023-05-09,11.0,0.0,32.0,180.0
2023-05-10,13.3,0.0,38.0,180.0
2023-05-11,18.4,0.3,36.0,180.0
2023-05-12,19.8,0.1,40.0,180.0
2023-05-13,13.1,0.0,49.0,180.0
2023-05-14,11.1,0.0,37.0,180.0
2023-05-15,15.5,0.0,46.0,180.0
2023-05-16,10.4,0.3,54.0,180.0
2023-05-17,5.0,0.0,43.0,180.0
2023-05-18,7.5,0.0,32.0,180.0
2023-05-19,13.0,0.0,51.0,180.0
2023-05-20,14.6,15.9,32.0,180.0
2023-05-21,14.7,0.4,33.0,180.0
2023-05-22,11.4,0.0,41.53575615474795,180.0
2023-05-23,13.7,0.0,31.0,180.0
2023-05-24,10.7,7.5,47.0,180.0
2023-05-25,10.6,0.0,35.0,180.0
2023-05-26,12.7,0.0,41.53575615474795,180.0
2023-05-27,18.1,0.0,41.53575615474795,180.0
2023-05-28,21.5,0.0,41.53575615474795,180.0
2023-05-29,18.3,0.0,34.0,180.0
2023-05-30,19.2,0.0,41.53575615474795,180.0
2023-05-31,21.5,0.0,41.53575615474795,180.0
2023-06-01,25.0,0.0,41.53575615474795,180.0
2023-06-02,23.4,0.0,58.0,180.0
2023-06-03,16.6,0.0,41.0,180.0
2023-06-04,15.2,0.0,41.53575615474795,180.0
2023-06-05,16.0,0.0,36.0,180.0
2023-06-06,16.6,5.3,46.0,180.0
2023-06-07,13.3,0.0,34.0,180.0
2023-06-08,14.1,0.4,41.53575615474795,180.0
2023-06-09,14.5,0.6,41.53575615474795,180.0
2023-06-10,16.5,0.0,41.53575615474795,180.0
2023-06-11,17.3,0.0,41.53575615474795,180.0
2023-06-12,21.8,0.6,43.0,180.0
2023-06-13,16.7,11.3,41.53575615474795,180.0
2023-06-14,13.7,1.7,41.53575615474795,180.0
2023-06-15,20.6,0.0,35.0,180.0
2023-06-16,20.3,0.0,41.53575615474795,180.0
2023-06-17,16.8,0.0,41.53575615474795,180.0
2023-06-18,19.1,0.0,41.53575615474795,180.0
2023-06-19,18.3,0.9,41.53575615474795,180.0
2023-06-20,19.7,0.0,41.53575615474795,180.0
2023-06-21,21.7,0.0,32.0,180.0
2023-06-22,22.0,0.0,41.53575615474795,180.0
2023-06-23,22.4,0.0,41.53575615474795,180.0
2023-06-24,23.6,20.6,41.53575615474795,180.0
2023-06-25,22.0,0.0,41.53575615474795,180.0
2023-06-26,23.0,55.6,36.0,180.0
2023-06-27,22.3,7.1,36.0,180.0
2023-06-28,17.8,1.7,33.0,180.0
2023-06-29,21.4,0.0,41.53575615474795,180.0
2023-06-30,19.9,0.0,41.53575615474795,180.0
2023-07-01,22.9,14.3,40.0,180.0
2023-07-02,22.7,0.0,41.53575615474795,180.0
2023-07-03,23.6,0.0,41.53575615474795,180.0
2023-07-04,24.3,0.0,41.53575615474795,180.0
2023-07-05,25.4,0.0,41.53575615474795,180.0
2023-07-06,26.6,3.1,36.0,180.0
2023-07-07,24.5,0.0,41.53575615474795,180.0
2023-07-08,23.5,0.0,36.0,180.0
2023-07-09,22.7,2.0,41.53575615474795,180.0
2023-07-10,22.9,0.0,41.53575615474795,180.0
2023-07-11,23.9,9.1,47.0,180.0
2023-07-12,20.6,0.0,41.53575615474795,180.0
2023-07-13,20.3,19.2,48.0,180.0
2023-07-14,19.6,0.0,41.53575615474795,180.0
2023-07-15,20.1,0.0,41.53575615474795,180.0
2023-07-16,23.1,21.3,41.53575615474795,180.0
2023-07-17,23.1,0.0,43.0,180.0
2023-07-18,21.6,17.1,52.0,180.0
2023-07-19,20.3,0.0,41.53575615474795,180.0
2023-07-20,21.0,2.5,41.53575615474795,180.0
2023-07-21,20.1,32.3,37.0,180.0
2023-07-22,19.5,0.0,35.0,180.0
2023-07-23,20.2,0.0,41.53575615474795,180.0
2023-07-24,22.8,1.7,41.53575615474795,180.0
2023-07-25,21.7,0.0,41.53575615474795,180.0
2023-07-26,22.8,3.1,34.0,180.0
2023-07-27,23.3,4.9,37.0,180.0
2023-07-28,23.1,30.1,57.0,180.0
2023-07-29,15.2,0.0,31.0,180.0
2023-07-30,17.4,2.3,54.0,180.0
2023-07-31,16.0,0.0,38.0,180.0
2023-08-01,15.3,0.0,41.53575615474795,180.0
2023-08-02,16.9,0.0,41.53575615474795,180.0
2023-08-03,20.8,20.6,37.0,180.0
2023-08-04,20.8,3.1,42.0,180.0
2023-08-05,18.8,0.0,41.53575615474795,180.0
2023-08-06,19.8,0.0,41.53575615474795,180.0
2023-08-07,18.2,24.8,37.0,180.0
2023-08-08,19.5,0.0,31.0,180.0
2023-08-09,21.8,0.0,41.53575615474795,180.0
2023-08-10,19.1,77.9,61.0,180.0
2023-08-11,18.1,0.0,37.0,180.0
2023-08-12,18.2,10.6,41.53575615474795,180.0
2023-08-13,20.1,0.2,35.0,180.0
2023-08-14,18.9,0.0,41.53575615474795,180.0
2023-08-15,18.7,0.0,41.53575615474795,180.0
2023-08-16,21.9,0.0,41.53575615474795,180.0
2023-08-17,21.2,7.0,34.0,180.0
2023-08-18,18.2,3.0,47.0,180.0
2023-08-19,18.3,0.0,36.0,180.0
2023-08-20,20.7,0.0,41.53575615474795,180.0
2023-08-21,16.8,0.0,40.0,180.0
2023-08-22,17.5,0.0,41.53575615474795,180.0
2023-08-23,19.0,0.0,38.0,180.0
2023-08-24,19.0,3.8,36.0,180.0
2023-08-25,19.7,0.2,41.53575615474795,180.0
2023-08-26,16.6,0.0,38.0,180.0
2023-08-27,17.6,0.0,41.53575615474795,180.0
2023-08-28,17.2,0.0,41.53575615474795,180.0
2023-08-29,17.8,0.0,41.53575615474795,180.0
2023-08-30,15.6,5.9,44.0,180.0
2023-08-31,14.7,0.0,41.53575615474795,180.0
2023-09-01,16.0,0.0,41.53575615474795,180.0
2023-09-02,18.4,0.0,45.0,180.0
2023-09-03,22.2,0.0,31.0,180.0
2023-09-04,24.0,0.0,41.53575615474795,180.0
2023-09-05,,0.0,41.53575615474795,180.0
2023-09-06,25.3,0.0,41.53575615474795,180.0
2023-09-07,25.0,0.0,41.53575615474795,180.0
2023-09-08,17.0,0.0,41.53575615474795,180.0
2023-09-09,16.7,0.0,41.53575615474795,180.0
2023-09-10,17.0,0.0,41.53575615474795,180.0
2023-09-11,17.6,0.0,41.53575615474795,180.0
2023-09-12,16.0,5.0,41.53575615474795,180.0
2023-09-13,16.4,0.1,34.0,180.0
2023-09-14,11.4,0.0,32.0,180.0
2023-09-15,12.9,0.0,41.53575615474795,180.0
2023-09-16,14.7,0.0,35.0,180.0
2023-09-17,18.1,0.0,41.53575615474795,180.0
2023-09-18,17.4,37.9,32.0,180.0
2023-09-19,14.8,8.4,34.0,180.0
2023-09-20,12.7,0.0,41.53575615474795,180.0
2023-09-21,13.5,0.0,41.53575615474795,180.0
2023-09-22,14.4,0.0,41.53575615474795,180.0
2023-09-23,14.6,0.0,41.53575615474795,180.0
2023-09-24,16.4,0.0,41.53575615474795,180.0
2023-09-25,16.3,0.0,40.0,180.0
2023-09-26,13.3,0.0,41.53575615474795,180.0
2023-09-27,12.0,0.0,41.53575615474795,180.0
2023-09-28,13.1,0.0,41.53575615474795,180.0
2023-09-29,15.2,0.0,41.53575615474795,180.0
2023-09-30,17.0,0.0,41.53575615474795,180.0
2023-10-01,18.3,0.0,41.53575615474795,180.0
2023-10-02,16.5,0.0,41.53575615474795,180.0
2023-10-03,22.5,0.0,41.53575615474795,180.0
2023-10-04,21.0,0.0,41.53575615474795,180.0
2023-10-05,21.6,0.0,39.0,180.0
2023-10-06,18.7,9.9,37.0,180.0
2023-10-07,13.4,28.4,39.0,180.0
2023-10-08,9.1,1.5,43.0,180.0
2023-10-09,7.8,6.2,35.0,180.0
2023-10-10,9.6,0.8,41.53575615474795,180.0
2023-10-11,10.5,2.9,41.53575615474795,180.0
2023-10-12,9.5,0.1,33.0,180.0
2023-10-13,10.6,0.0,41.53575615474795,180.0
2023-10-14,10.7,0.0,41.53575615474795,180.0
2023-10-15,8.9,0.4,32.0,180.0
2023-10-16,9.4,0.0,35.0,180.0
2023-10-17,8.6,0.0,41.53575615474795,180.0
2023-10-18,9.1,0.0,41.53575615474795,180.0
2023-10-19,13.3,0.0,41.53575615474795,180.0
2023-10-20,14.3,5.8,33.0,180.0
2023-10-21,10.1,7.3,40.0,180.0
2023-10-22,5.6,9.2,40.0,180.0
2023-10-23,6.0,0.0,41.53575615474795,180.0
2023-10-24,8.4,1.7,41.53575615474795,180.0
2023-10-25,13.5,2.9,41.53575615474795,180.0
2023-10-26,16.1,7.6,41.53575615474795,180.0
2023-10-27,17.5,1.6,41.53575615474795,180.0
2023-10-28,11.5,0.0,48.0,180.0
2023-10-29,4.0,0.1,41.53575615474795,180.0
2023-10-30,2.1,7.4,41.53575615474795,180.0
2023-10-31,0.4,0.0,35.0,180.0
2023-11-01,0.1,0.0,41.53575615474795,180.0
2023-11-02,2.6,0.1,35.0,180.0
2023-11-03,8.7,0.3,55.0,180.0
2023-11-04,5.3,0.0,41.53575615474795,180.0
2023-11-05,2.8,0.0,41.53575615474795,180.0
2023-11-06,2.6,1.5,32.0,180.0
2023-11-07,5.0,6.9,47.0,180.0
2023-11-08,0.4,0.0,34.0,180.0
2023-11-09,1.0,4.4,36.0,180.0
2023-11-10,3.2,0.8,33.0,180.0
2023-11-11,-0.2,0.0,41.53575615474795,180.0
2023-11-12,-1.4,0.0,41.53575615474795,180.0
2023-11-13,-3.3,3.0,41.53575615474795,180.0
2023-11-14,1.9,1.5,41.53575615474795,180.0
2023-11-15,4.2,0.0,33.0,180.0
2023-11-16,5.6,0.0,41.53575615474795,180.0
2023-11-17,7.4,2.4,48.0,180.0
2023-11-18,1.1,0.0,41.53575615474795,180.0
2023-11-19,-0.2,1.0,46.0,180.0
2023-11-20,-3.7,0.0,41.53575615474795,180.0
2023-11-21,-3.6,6.3,37.0,180.0
2023-11-22,0.9,5.6,41.53575615474795,180.0
2023-11-23,1.2,0.2,43.0,180.0
2023-11-24,-5.7,0.0,42.0,180.0
2023-11-25,-3.1,0.0,38.0,180.0
2023-11-26,1.1,1.1,41.53575615474795,180.0
2023-11-27,1.8,0.5,54.0,180.0
2023-11-28,-4.2,0.0,45.0,180.0
2023-11-29,-3.2,0.0,42.0,180.0
2023-11-30,2.8,0.1,48.0,180.0
2023-12-01,4.6,0.4,41.53575615474795,180.0
2023-12-02,0.4,3.4,41.53575615474795,180.0
2023-12-03,-0.2,13.0,41.53575615474795,180.0
2023-12-04,-1.9,9.3,41.53575615474795,180.0
2023-12-05,-4.4,0.2,41.53575615474795,180.0
2023-12-06,-11.5,0.0,41.53575615474795,180.0
2023-12-07,-10.9,1.2,41.53575615474795,180.0
2023-12-08,-5.2,0.0,32.0,180.0
2023-12-09,-1.4,0.5,41.53575615474795,180.0
2023-12-10,2.9,8.1,41.53575615474795,180.0
2023-12-11,-2.8,1.2,40.0,180.0
2023-12-12,-2.3,0.2,47.0,180.0
2023-12-13,-4.0,0.0,45.0,180.0
2023-12-14,-4.0,0.0,32.0,180.0
2023-12-15,5.4,0.0,34.0,180.0
2023-12-16,1.1,0.0,41.53575615474795,180.0
2023-12-17,1.5,6.4,41.53575615474795,180.0
2023-12-18,3.6,28.4,35.0,180.0
2023-12-19,-4.0,0.7,41.0,180.0
2023-12-20,-4.7,0.0,32.0,180.0
2023-12-21,-7.5,0.0,41.53575615474795,180.0
2023-12-22,-8.0,0.0,41.53575615474795,180.0
2023-12-23,-5.5,0.2,41.53575615474795,180.0
2023-12-24,-0.6,0.0,41.53575615474795,180.0
2023-12-25,1.5,0.0,41.53575615474795,180.0
2023-12-26,3.6,0.3,41.53575615474795,180.0
2023-12-27,4.1,2.6,41.53575615474795,180.0
2023-12-28,3.9,6.0,41.53575615474795,180.0
2023-12-29,2.4,6.3,41.53575615474795,180.0
2023-12-30,-1.8,0.0,32.0,180.0
2023-12-31,-5.5,0.0,41.53575615474795,180.0
2024-01-01,-6.0,0.0,41.53575615474795,180.0
2024-01-02,-2.5,0.0,36.0,180.0
2024-01-03,1.4,0.4,41.53575615474795,180.0
2024-01-04,-5.5,0.2,46.0,180.0
2024-01-05,-7.0,0.1,36.0,180.0
2024-01-06,-6.3,2.4,41.0,180.0
2024-01-07,-7.0,4.3,32.0,180.0
2024-01-08,-3.6,0.0,41.53575615474795,180.0
2024-01-09,-3.4,11.1,56.0,180.0
2024-01-10,0.1,8.0,57.0,180.0
2024-01-11,-5.9,0.6,35.0,180.0
2024-01-12,-7.8,3.3,55.0,180.0
2024-01-13,-1.8,16.3,62.0,180.0
2024-01-14,-5.7,0.1,55.0,180.0
2024-01-15,-10.1,0.0,42.0,180.0
2024-01-16,-11.7,2.9,41.53575615474795,180.0
2024-01-17,-13.4,0.0,32.0,180.0
2024-01-18,-9.7,0.0,41.53575615474795,180.0
2024-01-19,-14.6,0.0,41.53575615474795,180.0
2024-01-20,-13.7,0.0,37.0,180.0
2024-01-21,-13.9,0.0,41.53575615474795,180.0
2024-01-22,-7.6,2.3,42.0,180.0
2024-01-23,-4.9,0.1,35.0,180.0
2024-01-24,-6.8,6.1,34.0,180.0
2024-01-25,-1.3,1.9,41.53575615474795,180.0
2024-01-26,0.7,9.4,41.53575615474795,180.0
2024-01-27,0.8,0.5,41.53575615474795,180.0
2024-01-28,1.1,0.0,41.53575615474795,180.0
2024-01-29,-3.9,0.0,41.53575615474795,180.0
2024-01-30,-5.3,0.0,41.53575615474795,180.0
2024-01-31,-2.6,0.0,41.53575615474795,180.0
2024-02-01,2.3,0.3,41.53575615474795,180.0
2024-02-02,-1.0,0.0,37.0,180.0
2024-02-03,-4.3,0.0,41.53575615474795,180.0
2024-02-04,-3.4,0.0,41.53575615474795,180.0
2024-02-05,-1.1,0.0,41.53575615474795,180.0
2024-02-06,-3.7,0.0,41.53575615474795,180.0
2024-02-07,-4.7,0.0,41.53575615474795,180.0
2024-02-08,-1.4,0.0,41.53575615474795,180.0
2024-02-09,4.1,1.7,41.53575615474795,180.0
2024-02-10,4.4,0.0,41.53575615474795,180.0
2024-02-11,2.0,0.0,41.53575615474795,180.0
2024-02-12,-1.2,0.0,41.53575615474795,180.0
2024-02-13,-2.8,0.0,51.0,180.0
2024-02-14,-7.6,0.0,45.0,180.0
2024-02-15,-7.9,5.1,31.0,180.0
2024-02-16,-6.3,0.5,42.0,180.0
2024-02-17,-12.2,0.0,37.0,180.0
2024-02-18,-6.9,3.0,51.0,180.0
2024-02-19,-11.6,0.0,44.0,180.0
2024-02-20,-8.8,0.0,41.53575615474795,180.0
2024-02-21,-4.3,0.2,41.53575615474795,180.0
2024-02-22,4.0,2.7,41.53575615474795,180.0
2024-02-23,-4.2,0.1,43.0,180.0
2024-02-24,-13.0,0.0,35.0,180.0
2024-02-25,-6.0,0.4,39.0,180.0
2024-02-26,1.8,0.1,40.0,180.0
2024-02-27,4.1,0.0,41.53575615474795,180.0
2024-02-28,1.2,1.7,80.0,180.0
2024-02-29,-10.5,0.0,51.0,180.0
2024-03-01,-2.8,0.0,41.53575615474795,180.0
2024-03-02,1.1,0.2,41.53575615474795,180.0
2024-03-03,4.3,0.0,41.53575615474795,180.0
2024-03-04,6.4,0.0,41.53575615474795,180.0
2024-03-05,9.0,1.3,32.0,180.0
2024-03-06,5.0,2.5,41.53575615474795,180.0
2024-03-07,5.3,0.0,41.53575615474795,180.0
2024-03-08,2.8,0.0,33.0,180.0
2024-03-09,3.9,11.9,50.0,180.0
2024-03-10,0.4,6.9,44.0,180.0
2024-03-11,0.9,0.0,52.0,180.0
2024-03-12,4.8,0.0,41.53575615474795,180.0
2024-03-13,4.7,0.0,33.0,180.0
2024-03-14,6.0,1.1,41.53575615474795,180.0
2024-03-15,7.0,0.8,41.53575615474795,180.0
2024-03-16,2.8,2.9,34.0,180.0
2024-03-17,4.0,3.2,35.0,180.0
2024-03-18,-1.2,0.6,43.0,180.0
2024-03-19,-3.0,0.4,37.0,180.0
2024-03-20,-2.0,0.0,49.0,180.0
2024-03-21,-7.0,0.0,53.0,180.0
2024-03-22,-7.8,0.0,41.53575615474795,180.0
2024-03-23,-3.6,0.2,34.0,180.0
2024-03-24,-3.4,0.0,41.53575615474795,180.0
2024-03-25,2.0,0.0,40.0,180.0
2024-03-26,5.9,0.0,41.0,180.0
2024-03-27,10.5,1.2,41.0,180.0
2024-03-28,6.0,0.0,34.0,180.0
2024-03-29,2.9,0.0,48.0,180.0
2024-03-30,3.1,0.0,43.0,180.0
2024-03-31,5.3,0.0,41.0,180.0
2024-04-01,4.7,0.0,33.0,180.0
2024-04-02,5.4,0.0,55.0,180.0
2024-04-03,3.3,25.3,66.0,180.0
2024-04-04,0.1,3.0,62.0,180.0
2024-04-05,3.5,3.1,45.0,180.0
2024-04-06,7.5,0.0,38.0,180.0
2024-04-07,7.8,0.0,41.53575615474795,180.0
2024-04-08,9.5,0.0,41.53575615474795,180.0
2024-04-09,12.7,0.0,34.0,180.0
2024-04-10,14.4,0.0,32.0,180.0
2024-04-11,8.9,24.1,37.0,180.0
2024-04-12,11.8,4.1,58.0,180.0
2024-04-13,4.8,2.8,53.0,180.0
2024-04-14,4.4,0.8,41.53575615474795,180.0
2024-04-15,8.9,1.6,48.0,180.0
2024-04-16,8.0,0.0,33.0,180.0
2024-04-17,5.9,0.0,51.0,180.0
2024-04-18,6.3,8.1,47.0,180.0
2024-04-19,9.0,2.0,49.0,180.0
2024-04-20,5.5,1.2,58.0,180.0
2024-04-21,4.4,0.3,52.0,180.0
2024-04-22,4.6,0.0,41.0,180.0
2024-04-23,9.1,5.4,67.0,180.0
2024-04-24,3.8,6.0,57.0,180.0
2024-04-25,2.9,0.0,41.53575615474795,180.0
2024-04-26,6.0,0.0,41.53575615474795,180.0
2024-04-27,11.1,2.8,43.0,180.0
2024-04-28,14.2,2.5,38.0,180.0
2024-04-29,8.7,2.8,40.0,180.0
2024-04-30,7.2,13.5,43.0,180.0
2024-05-01,10.7,0.5,41.53575615474795,180.0
2024-05-02,12.8,0.0,41.53575615474795,180.0
2024-05-03,13.5,0.0,41.53575615474795,180.0
2024-05-04,17.5,0.0,41.53575615474795,180.0
2024-05-05,14.1,7.5,42.0,180.0
2024-05-06,15.0,0.0,35.0,180.0
2024-05-07,13.7,0.0,31.0,180.0
2024-05-08,11.7,8.1,43.0,180.0
2024-05-09,10.7,0.0,41.53575615474795,180.0
2024-05-10,12.3,0.0,41.53575615474795,180.0
2024-05-11,11.4,1.3,33.0,180.0
2024-05-12,13.1,2.6,31.0,180.0
2024-05-13,14.3,0.9,49.0,180.0
2024-05-14,17.4,5.3,41.53575615474795,180.0
2024-05-15,15.6,0.3,41.53575615474795,180.0
2024-05-16,18.0,0.0,41.53575615474795,180.0
2024-05-17,18.7,2.6,41.53575615474795,180.0
2024-05-18,19.6,0.3,41.53575615474795,180.0
2024-05-19,19.3,0.0,41.53575615474795,180.0
2024-05-20,22.3,0.0,41.53575615474795,180.0
2024-05-21,19.9,12.5,35.0,180.0
2024-05-22,23.1,0.9,48.0,180.0
2024-05-23,20.8,0.1,49.0,180.0
2024-05-24,14.0,0.0,51.0,180.0
2024-05-25,13.4,0.1,41.53575615474795,180.0
2024-05-26,17.5,0.0,41.53575615474795,180.0
2024-05-27,19.7,29.4,45.0,180.0
2024-05-28,16.3,0.7,36.0,180.0
2024-05-29,13.0,0.0,32.0,180.0
2024-05-30,13.6,0.0,32.0,180.0
2024-05-31,17.2,0.0,36.0,180.0
2024-06-01,19.8,0.0,41.53575615474795,180.0
2024-06-02,19.9,0.0,41.53575615474795,180.0
2024-06-03,21.1,0.0,41.53575615474795,180.0
2024-06-04,22.1,0.0,41.53575615474795,180.0
2024-06-05,24.8,0.0,32.0,180.0
2024-06-06,19.8,50.6,46.0,180.0
2024-06-07,17.2,13.4,47.0,180.0
2024-06-08,17.2,2.9,40.0,180.0
2024-06-09,15.6,1.5,52.0,180.0
2024-06-10,12.5,0.0,40.0,180.0
2024-06-11,13.0,0.0,41.53575615474795,180.0
2024-06-12,17.4,0.0,41.53575615474795,180.0
2024-06-13,18.4,10.0,56.0,180.0
2024-06-14,17.1,0.0,37.0,180.0
2024-06-15,13.9,0.0,35.0,180.0
2024-06-16,13.8,0.0,41.53575615474795,180.0
2024-06-17,22.6,0.5,34.0,180.0
2024-06-18,26.5,0.0,32.0,180.0
2024-06-19,27.6,0.0,39.0,180.0
2024-06-20,23.9,0.0,35.0,180.0
2024-06-21,20.1,0.4,41.53575615474795,180.0
2024-06-22,19.2,2.6,41.53575615474795,180.0
2024-06-23,21.1,43.9,46.0,180.0
2024-06-24,21.0,14.0,46.0,180.0
2024-06-25,21.9,0.0,46.0,180.0
2024-06-26,20.4,10.4,39.0,180.0
2024-06-27,13.8,0.0,48.0,180.0
2024-06-28,15.4,0.0,31.0,180.0
2024-06-29,20.0,8.4,34.0,180.0
2024-06-30,20.3,0.0,47.0,180.0
2024-07-01,19.2,0.0,41.53575615474795,180.0
2024-07-02,19.9,0.0,34.0,180.0
2024-07-03,23.2,0.7,40.0,180.0
2024-07-04,24.0,0.6,41.53575615474795,180.0
2024-07-05,24.6,1.4,37.0,180.0
2024-07-06,23.4,12.2,44.0,180.0
2024-07-07,23.6,0.0,41.53575615474795,180.0
2024-07-08,23.6,0.0,41.53575615474795,180.0
2024-07-09,23.8,13.9,54.0,180.0
2024-07-10,20.0,21.0,32.0,180.0
2024-07-11,20.4,9.2,41.53575615474795,180.0
2024-07-12,23.6,0.0,41.53575615474795,180.0
2024-07-13,24.2,2.6,38.0,180.0
2024-07-14,23.4,0.0,32.0,180.0
2024-07-15,24.8,9.4,42.0,180.0
2024-07-16,22.9,0.2,31.0,180.0
2024-07-17,22.7,5.3,31.0,180.0
2024-07-18,17.2,0.0,33.0,180.0
2024-07-19,19.5,0.0,41.53575615474795,180.0
2024-07-20,20.7,1.2,36.0,180.0
2024-07-21,18.9,0.0,41.53575615474795,180.0
2024-07-22,19.0,0.0,41.53575615474795,180.0
2024-07-23,22.6,0.0,41.53575615474795,180.0
2024-07-24,21.0,26.8,58.0,180.0
2024-07-25,18.4,0.1,48.0,180.0
2024-07-26,20.6,0.0,33.0,180.0
2024-07-27,22.0,0.0,41.53575615474795,180.0
2024-07-28,22.4,0.0,41.53575615474795,180.0
2024-07-29,21.1,0.0,41.53575615474795,180.0
2024-07-30,22.6,0.0,41.53575615474795,180.0
2024-07-31,25.6,0.0,35.0,180.0
2024-08-01,26.4,0.0,41.53575615474795,180.0
2024-08-02,25.1,0.0,41.53575615474795,180.0
2024-08-03,25.9,0.0,35.0,180.0
2024-08-04,24.3,0.0,36.0,180.0
2024-08-05,16.2,10.4,41.53575615474795,180.0
2024-08-06,18.2,0.0,41.53575615474795,180.0
2024-08-07,18.6,0.0,41.53575615474795,180.0
2024-08-08,18.9,2.2,35.0,180.0
2024-08-09,19.5,74.1,36.0,180.0
2024-08-10,20.0,1.1,40.0,180.0
2024-08-11,18.0,4.0,39.0,180.0
2024-08-12,17.5,0.0,39.0,180.0
2024-08-13,20.7,0.0,41.53575615474795,180.0
2024-08-14,23.2,0.0,41.53575615474795,180.0
2024-08-15,24.3,0.0,41.53575615474795,180.0
2024-08-16,23.9,0.0,41.53575615474795,180.0
2024-08-17,22.3,9.2,41.53575615474795,180.0
2024-08-18,23.3,4.6,41.0,180.0
2024-08-19,15.5,1.5,44.0,180.0
2024-08-20,15.7,0.0,46.0,180.0
2024-08-21,16.3,6.5,33.0,180.0
2024-08-22,18.5,0.0,35.0,180.0
2024-08-23,18.4,0.0,46.0,180.0
2024-08-24,19.1,0.0,41.53575615474795,180.0
2024-08-25,22.3,0.0,41.53575615474795,180.0
2024-08-26,22.1,0.0,41.53575615474795,180.0
2024-08-27,22.5,1.4,37.0,180.0
2024-08-28,17.4,0.0,43.0,180.0
2024-08-29,16.5,0.0,41.53575615474795,180.0
2024-08-30,17.7,1.2,41.53575615474795,180.0
2024-08-31,19.3,18.7,35.0,180.0
2024-09-01,18.1,0.0,50.0,180.0
2024-09-02,14.3,0.0,35.0,180.0
2024-09-03,16.0,0.0,41.53575615474795,180.0
2024-09-04,17.4,0.0,32.0,180.0
2024-09-05,17.6,0.0,34.0,180.0
2024-09-06,17.8,1.6,41.53575615474795,180.0
2024-09-07,12.1,20.9,40.0,180.0
2024-09-08,9.6,0.0,47.0,180.0
2024-09-09,13.8,0.1,41.53575615474795,180.0
2024-09-10,13.9,0.0,41.53575615474795,180.0
2024-09-11,16.4,0.0,41.53575615474795,180.0
2024-09-12,19.7,0.0,41.53575615474795,180.0
2024-09-13,20.2,0.0,41.53575615474795,180.0
2024-09-14,20.6,0.0,41.53575615474795,180.0
2024-09-15,21.4,0.0,41.53575615474795,180.0
2024-09-16,21.0,0.0,41.53575615474795,180.0
2024-09-17,21.6,0.0,41.53575615474795,180.0
2024-09-18,20.1,0.0,41.53575615474795,180.0
2024-09-19,20.5,0.0,41.53575615474795,180.0
2024-09-20,20.9,0.0,41.53575615474795,180.0
2024-09-21,19.8,0.0,32.0,180.0
2024-09-22,18.1,0.0,31.0,180.0
2024-09-23,16.4,0.6,41.53575615474795,180.0
2024-09-24,16.7,0.5,37.0,180.0
2024-09-25,14.9,24.2,32.0,180.0
2024-09-26,17.0,2.1,37.0,180.0
2024-09-27,16.1,0.0,41.53575615474795,180.0
2024-09-28,15.6,0.0,41.53575615474795,180.0
2024-09-29,17.1,0.0,41.53575615474795,180.0
2024-09-30,17.5,0.0,41.53575615474795,180.0
2024-10-01,,0.0,41.53575615474795,180.0
2024-10-02,11.7,9.0,41.53575615474795,180.0
2024-10-03,,0.0,41.53575615474795,180.0
2024-10-04,13.9,0.0,41.53575615474795,180.0
2024-10-05,10.6,0.0,41.53575615474795,180.0
2024-10-06,12.0,8.3,38.0,180.0
2024-10-07,8.1,0.0,42.0,180.0
2024-10-08,7.9,0.9,41.53575615474795,180.0
2024-10-09,7.1,0.2,41.53575615474795,180.0
2024-10-10,8.2,0.0,33.0,180.0
2024-10-11,10.7,1.2,42.0,180.0
2024-10-12,9.4,0.0,51.0,180.0
2024-10-13,8.1,0.0,41.53575615474795,180.0
2024-10-14,7.7,0.0,39.0,180.0
2024-10-15,6.8,1.1,40.0,180.0
2024-10-16,6.5,0.0,34.0,180.0
2024-10-17,7.1,0.0,41.53575615474795,180.0
2024-10-18,,0.0,41.53575615474795,180.0
2024-10-19,9.6,0.0,41.53575615474795,180.0
2024-10-20,12.0,0.0,38.0,180.0
2024-10-21,17.8,0.0,41.53575615474795,180.0
2024-10-22,16.9,0.0,41.53575615474795,180.0
2024-10-23,13.9,0.3,43.0,180.0
2024-10-24,4.8,0.0,41.53575615474795,180.0
2024-10-25,4.1,0.0,41.53575615474795,180.0
2024-10-26,5.7,0.2,43.0,180.0
2024-10-27,3.6,0.0,33.0,180.0
2024-10-28,1.3,0.0,41.53575615474795,180.0
2024-10-29,5.7,21.4,36.0,180.0
2024-10-30,14.8,0.0,37.0,180.0
2024-10-31,18.7,7.8,55.0,180.0
2024-11-01,,0.0,41.53575615474795,180.0
2024-11-02,1.6,0.0,41.53575615474795,180.0
2024-11-03,1.0,0.0,41.53575615474795,180.0
2024-11-04,3.3,7.0,41.53575615474795,180.0
2024-11-05,12.4,0.0,38.0,180.0
2024-11-06,14.7,0.0,44.0,180.0
2024-11-07,8.1,0.0,39.0,180.0
2024-11-08,7.3,0.5,66.0,180.0
2024-11-09,3.3,0.0,41.53575615474795,180.0
2024-11-10,1.6,4.0,41.53575615474795,180.0
2024-11-11,8.2,8.7,45.0,180.0
2024-11-12,1.3,0.0,47.0,180.0
2024-11-13,0.3,0.0,41.53575615474795,180.0
2024-11-14,0.1,0.0,32.0,180.0
2024-11-15,4.8,0.0,41.53575615474795,180.0
2024-11-16,7.1,0.0,41.53575615474795,180.0
2024-11-17,2.8,1.3,41.53575615474795,180.0
2024-11-18,5.9,0.3,35.0,180.0
2024-11-19,6.1,0.0,41.53575615474795,180.0
2024-11-20,4.7,0.0,47.0,180.0
2024-11-21,5.5,20.4,43.0,180.0
2024-11-22,6.3,6.0,44.0,180.0
2024-11-23,4.5,0.4,43.0,180.0
2024-11-24,1.2,0.0,45.0,180.0
2024-11-25,0.4,0.0,41.53575615474795,180.0
2024-11-26,2.4,6.7,32.0,180.0
2024-11-27,3.1,0.0,42.0,180.0
2024-11-28,0.0,0.0,41.53575615474795,180.0
2024-11-29,-0.1,0.0,35.0,180.0
2024-11-30,1.0,0.1,31.0,180.0
2024-12-01,-2.1,0.1,31.0,180.0
2024-12-02,-3.1,0.0,41.53575615474795,180.0
2024-12-03,-3.0,0.0,41.53575615474795,180.0
2024-12-04,-3.1,5.2,43.0,180.0
2024-12-05,-2.6,2.0,49.0,180.0
2024-12-06,-8.2,0.0,44.0,180.0
2024-12-07,-4.6,8.0,41.53575615474795,180.0
2024-12-08,-1.1,7.5,43.0,180.0
2024-12-09,-6.0,3.0,52.0,180.0
2024-12-10,-1.8,12.7,41.53575615474795,180.0
2024-12-11,1.4,5.2,49.0,180.0
2024-12-12,,0.0,41.53575615474795,180.0
2024-12-13,-7.7,0.0,37.0,180.0
2024-12-14,-10.5,0.0,41.53575615474795,180.0
2024-12-15,-10.1,0.0,41.53575615474795,180.0
2024-12-16,-2.7,7.2,41.53575615474795,180.0
2024-12-17,3.3,5.5,45.0,180.0
2024-12-18,1.3,3.2,41.53575615474795,180.0
2024-12-19,-5.3,0.0,35.0,180.0
2024-12-20,-8.8,0.1,41.53575615474795,180.0
2024-12-21,-13.0,0.0,40.0,180.0
2024-12-22,-14.7,0.0,41.53575615474795,180.0
2024-12-23,-12.6,10.9,41.53575615474795,180.0
2024-12-24,-7.3,2.2,41.53575615474795,180.0
2024-12-25,-8.3,0.0,41.53575615474795,180.0
2024-12-26,-7.2,0.0,41.53575615474795,180.0
2024-12-27,-6.1,0.0,41.53575615474795,180.0
2024-12-28,-5.7,0.7,31.0,180.0
2024-12-29,0.5,11.7,33.0,180.0
2024-12-30,4.9,3.0,51.0,180.0
2024-12-31,3.9,1.0,41.53575615474795,180.0
2025-01-01,0.7,6.5,46.0,180.0
2025-01-02,-2.8,0.0,54.0,180.0
2025-01-03,-8.4,0.2,43.0,180.0
2025-01-04,-10.9,0.9,37.0,180.0
2025-01-05,-11.9,0.2,41.53575615474795,180.0
2025-01-06,-12.7,0.0,33.0,180.0
2025-01-07,-9.6,0.0,47.0,180.0
2025-01-08,-13.1,0.0,44.0,180.0
2025-01-09,-9.9,0.0,41.0,180.0
2025-01-10,-9.4,0.0,41.53575615474795,180.0
2025-01-11,-5.2,0.0,41.53575615474795,180.0
2025-01-12,-7.2,0.6,41.53575615474795,180.0
2025-01-13,-2.8,5.7,32.0,180.0
2025-01-14,-6.0,0.0,38.0,180.0
2025-01-15,-9.1,0.0,41.53575615474795,180.0
2025-01-16,-5.8,0.0,41.53575615474795,180.0
2025-01-17,-4.1,0.0,32.0,180.0
2025-01-18,-3.3,2.1,43.0,180.0
2025-01-19,-11.8,0.0,40.0,180.0
2025-01-20,-16.1,0.0,41.53575615474795,180.0
2025-01-21,-14.5,0.0,41.53575615474795,180.0
2025-01-22,-15.3,0.3,33.0,180.0
2025-01-23,-8.4,2.6,41.53575615474795,180.0
2025-01-24,-15.7,0.0,41.53575615474795,180.0
2025-01-25,-12.4,0.9,40.0,180.0
2025-01-26,-4.0,0.1,53.0,180.0
2025-01-27,-2.1,0.0,69.0,180.0
2025-01-28,-10.9,1.0,49.0,180.0
2025-01-29,-12.4,4.2,34.0,180.0
2025-01-30,-16.0,0.9,41.53575615474795,180.0
2025-01-31,-7.5,0.0,31.0,180.0
2025-02-01,-17.7,0.0,41.0,180.0
2025-02-02,-17.8,0.2,37.0,180.0
2025-02-03,-6.5,5.0,41.53575615474795,180.0
2025-02-04,,0.0,41.53575615474795,180.0
2025-02-05,-15.5,0.0,41.53575615474795,180.0
2025-02-06,-9.7,4.0,41.0,180.0
2025-02-07,-6.3,2.7,53.0,180.0
2025-02-08,-8.7,1.2,41.53575615474795,180.0
2025-02-09,-8.1,0.9,41.53575615474795,180.0
2025-02-10,-11.0,0.1,41.53575615474795,180.0
2025-02-11,-10.0,0.0,43.0,180.0
2025-02-12,-15.6,2.1,42.0,180.0
2025-02-13,-8.4,18.5,46.0,180.0
2025-02-14,-12.0,0.0,45.0,180.0
2025-02-15,-11.7,2.3,38.0,180.0
2025-02-16,-10.0,15.7,51.0,180.0
2025-02-17,-12.5,0.1,59.0,180.0
2025-02-18,-15.1,0.1,46.0,180.0
2025-02-19,-13.6,0.0,41.53575615474795,180.0
2025-02-20,-12.5,0.2,44.0,180.0
2025-02-21,-11.8,0.0,39.0,180.0
2025-02-22,-11.3,0.9,41.53575615474795,180.0
2025-02-23,-2.8,0.5,41.53575615474795,180.0
2025-02-24,1.5,0.0,57.0,180.0
2025-02-25,1.0,1.3,41.53575615474795,180.0
2025-02-26,-1.6,0.0,41.53575615474795,180.0
2025-02-27,-3.4,3.6,41.0,180.0
2025-02-28,-6.5,3.8,45.0,180.0
2025-03-01,-11.2,2.1,49.0,180.0
2025-03-02,-16.3,0.0,39.0,180.0
2025-03-03,-13.1,0.1,33.0,180.0
2025-03-04,-2.4,12.4,35.0,180.0
2025-03-05,,0.0,41.53575615474795,180.0
2025-03-06,,0.0,41.53575615474795,180.0
2025-03-07,,0.0,41.53575615474795,180.0
2025-03-08,-4.5,0.0,48.0,180.0
2025-03-09,,0.0,41.53575615474795,180.0
2025-03-10,,0.0,41.53575615474795,180.0
2025-03-11,3.7,0.0,47.0,180.0
2025-03-12,-5.4,0.0,31.0,180.0
2025-03-13,,0.0,41.53575615474795,180.0
2025-03-14,1.2,0.0,41.53575615474795,180.0
2025-03-15,7.9,0.0,48.0,180.0
2025-03-16,10.6,11.9,54.0,180.0
2025-03-17,0.9,0.0,41.0,180.0
2025-03-18,1.1,0.0,41.53575615474795,180.0
2025-03-19,,0.0,41.53575615474795,180.0
2025-03-20,7.4,5.1,44.0,180.0
2025-03-21,0.9,0.0,49.0,180.0
2025-03-22,-0.9,0.8,53.0,180.0
2025-03-23,-5.6,0.0,32.0,180.0
2025-03-24,0.4,2.6,41.0,180.0
2025-03-25,1.7,0.2,41.53575615474795,180.0
2025-03-26,0.2,0.0,36.0,180.0
2025-03-27,1.8,0.0,42.0,180.0
2025-03-28,-2.0,5.2,45.0,180.0
2025-03-29,-1.8,5.4,37.0,180.0
2025-03-30,-0.5,16.9,41.53575615474795,180.0
2025-03-31,4.7,2.6,45.0,180.0
2025-04-01,-1.8,0.0,44.0,180.0
2025-04-02,-3.1,5.3,42.0,180.0
2025-04-03,9.3,20.7,64.0,180.0
2025-04-04,6.2,0.0,34.0,180.0
2025-04-05,2.9,13.5,38.0,180.0
2025-04-06,3.2,0.0,46.0,180.0
2025-04-07,2.3,1.7,42.0,180.0
2025-04-08,-3.7,6.0,49.0,180.0
2025-04-09,-3.4,0.8,41.53575615474795,180.0
2025-04-10,,0.0,41.53575615474795,180.0
2025-04-11,2.9,3.1,41.53575615474795,180.0
2025-04-12,6.3,0.2,41.53575615474795,180.0
2025-04-13,8.2,0.0,41.53575615474795,180.0
2025-04-14,8.4,0.5,33.0,180.0
2025-04-15,6.1,1.6,55.0,180.0
2025-04-16,,0.0,41.53575615474795,180.0
2025-04-17,4.7,0.0,38.0,180.0
2025-04-18,6.2,5.1,41.53575615474795,180.0
2025-04-19,12.0,4.6,47.0,180.0
2025-04-20,6.4,0.0,42.0,180.0
2025-04-21,5.9,5.7,38.0,180.0
2025-04-22,8.0,0.1,44.0,180.0
2025-04-23,8.1,0.0,35.0,180.0
2025-04-24,10.5,1.3,34.0,180.0
2025-04-25,12.8,0.0,37.0,180.0
2025-04-26,7.0,7.8,41.53575615474795,180.0
2025-04-27,,0.0,41.53575615474795,180.0
2025-04-28,13.5,0.0,41.0,180.0
2025-04-29,14.0,11.5,79.0,180.0
2025-04-30,4.6,0.0,47.0,180.0
2025-05-01,8.2,4.3,41.53575615474795,180.0
2025-05-02,14.2,1.5,54.0,180.0
2025-05-03,11.3,0.0,41.53575615474795,180.0
2025-05-04,13.6,0.0,41.53575615474795,180.0
2025-05-05,15.2,5.7,43.0,180.0
2025-05-06,17.9,1.0,41.53575615474795,180.0
2025-05-07,13.3,3.0,41.0,180.0
2025-05-08,9.2,0.9,36.0,180.0
2025-05-09,,0.0,41.53575615474795,180.0
2025-05-10,14.0,0.0,51.0,180.0
2025-05-11,10.0,0.0,35.0,180.0
2025-05-12,16.1,0.0,31.0,180.0
2025-05-13,19.3,0.0,34.0,180.0
2025-05-14,18.4,0.0,33.0,180.0
2025-05-15,19.2,0.7,41.53575615474795,180.0
2025-05-16,19.9,0.0,39.0,180.0
2025-05-17,16.7,5.7,61.0,180.0
2025-05-18,9.9,2.6,49.0,180.0
2025-05-19,7.9,0.0,46.0,180.0
2025-05-20,8.6,0.0,41.53575615474795,180.0
2025-05-21,11.1,0.4,33.0,180.0
2025-05-22,9.4,1.8,42.0,180.0
2025-05-23,9.4,2.2,32.0,180.0
2025-05-24,9.6,2.3,41.53575615474795,180.0
2025-05-25,13.3,1.1,43.0,180.0
2025-05-26,16.3,0.0,39.0,180.0
2025-05-27,16.7,0.0,41.53575615474795,180.0
2025-05-28,17.5,0.0,41.53575615474795,180.0
2025-05-29,16.0,9.0,33.0,180.0
2025-05-30,18.2,26.3,51.0,180.0
2025-05-31,11.6,5.7,44.0,180.0
2025-06-01,9.7,0.8,38.0,180.0
2025-06-02,14.0,0.0,40.0,180.0
2025-06-03,16.6,0.0,38.0,180.0
2025-06-04,21.7,0.0,50.0,180.0
2025-06-05,18.4,0.7,41.53575615474795,180.0
2025-06-06,18.8,0.0,41.53575615474795,180.0
2025-06-07,19.9,0.0,34.0,180.0
2025-06-08,17.8,0.0,41.53575615474795,180.0
2025-06-09,17.5,15.5,32.0,180.0
2025-06-10,19.1,3.7,47.0,180.0
2025-06-11,18.6,0.0,41.0,180.0
2025-06-12,14.8,0.0,46.0,180.0
2025-06-13,13.3,0.0,41.53575615474795,180.0
2025-06-14,15.3,0.0,41.53575615474795,180.0
2025-06-15,16.9,0.0,41.53575615474795,180.0
2025-06-16,18.0,0.0,34.0,180.0
2025-06-17,21.6,0.0,33.0,180.0
2025-06-18,24.7,0.0,41.53575615474795,180.0
2025-06-19,21.2,1.4,53.0,180.0
2025-06-20,18.0,4.3,47.0,180.0
2025-06-21,18.8,3.6,78.0,180.0
2025-06-22,24.3,7.9,37.0,180.0
2025-06-23,28.0,0.0,42.0,180.0
2025-06-24,,0.0,41.53575615474795,180.0
2025-06-25,23.3,0.0,41.53575615474795,180.0
2025-06-26,17.0,0.0,41.53575615474795,180.0
2025-06-27,18.8,22.9,37.0,180.0
2025-06-28,23.6,12.4,41.0,180.0
2025-06-29,21.7,0.0,41.53575615474795,180.0
2025-06-30,22.1,0.7,31.0,180.0
2025-07-01,25.7,0.8,48.0,180.0
2025-07-02,24.0,0.0,37.0,180.0
2025-07-03,,0.0,41.53575615474795,180.0
2025-07-04,18.9,0.0,36.0,180.0
2025-07-05,21.1,0.0,36.0,180.0
2025-07-06,27.6,14.1,59.0,180.0
2025-07-07,20.3,21.8,41.53575615474795,180.0
2025-07-08,21.8,1.2,41.53575615474795,180.0
2025-07-09,21.9,0.0,41.53575615474795,180.0
2025-07-10,22.6,0.0,41.53575615474795,180.0
2025-07-11,23.3,0.0,41.53575615474795,180.0
2025-07-12,24.7,0.0,41.53575615474795,180.0
2025-07-13,26.8,11.8,49.0,180.0
2025-07-14,24.0,0.0,41.53575615474795,180.0
2025-07-15,23.6,0.0,41.53575615474795,180.0
2025-07-16,26.0,0.0,33.0,180.0
2025-07-17,21.6,7.9,57.0,180.0
2025-07-18,18.7,0.0,41.53575615474795,180.0
2025-07-19,19.8,2.9,32.0,180.0
2025-07-20,20.7,3.6,45.0,180.0
2025-07-21,16.1,0.0,31.0,180.0
2025-07-22,16.2,0.0,41.53575615474795,180.0
2025-07-23,,0.0,41.53575615474795,180.0
2025-07-24,,0.0,41.53575615474795,180.0
2025-07-25,22.5,0.0,41.53575615474795,180.0
2025-07-26,22.8,0.0,41.53575615474795,180.0
2025-07-27,24.6,0.0,31.0,180.0
2025-07-28,25.5,0.0,48.0,180.0
2025-07-29,24.3,0.0,41.53575615474795,180.0
2025-07-30,22.2,0.0,33.0,180.0
2025-07-31,18.9,0.0,41.53575615474795,180.0
2025-08-01,16.7,0.0,41.53575615474795,180.0
2025-08-02,18.9,0.0,33.0,180.0
2025-08-03,21.4,0.0,41.53575615474795,180.0
2025-08-04,20.2,0.0,41.53575615474795,180.0
2025-08-05,19.9,0.0,41.53575615474795,180.0
2025-08-06,20.6,0.0,41.53575615474795,180.0
2025-08-07,21.2,1.1,41.53575615474795,180.0
2025-08-08,23.1,0.0,36.0,180.0
2025-08-09,25.5,0.0,32.0,180.0
2025-08-10,27.6,0.0,36.0,180.0
2025-08-11,26.9,0.0,34.0,180.0
2025-08-12,26.4,0.0,41.0,180.0
2025-08-13,25.5,12.2,48.0,180.0
2025-08-14,19.2,0.0,31.0,180.0
2025-08-15,19.5,0.0,41.53575615474795,180.0
2025-08-16,22.9,0.0,32.0,180.0
2025-08-17,19.0,2.0,35.0,180.0
2025-08-18,16.4,0.0,41.53575615474795,180.0
2025-08-19,17.5,0.3,41.53575615474795,180.0
2025-08-20,,0.0,41.53575615474795,180.0
2025-08-21,18.6,0.0,41.53575615474795,180.0
2025-08-22,20.7,0.0,41.53575615474795,180.0
2025-08-23,22.3,0.0,37.0,180.0
2025-08-24,22.6,0.0,32.0,180.0
2025-08-25,19.7,0.0,41.0,180.0
2025-08-26,16.6,0.7,35.0,180.0
2025-08-27,15.9,0.0,35.0,180.0
2025-08-28,15.3,31.8,41.53575615474795,180.0
2025-08-29,15.0,2.6,33.0,180.0
2025-08-30,15.7,0.2,38.0,180.0
2025-08-31,18.4,0.0,41.53575615474795,180.0
2025-09-01,18.5,0.0,41.53575615474795,180.0
2025-09-02,19.6,0.0,41.53575615474795,180.0
2025-09-03,19.4,0.0,34.0,180.0
2025-09-04,17.4,5.3,50.0,180.0
2025-09-05,16.0,0.0,60.0,180.0
2025-09-06,15.7,0.0,34.0,180.0
2025-09-07,14.3,0.2,40.0,180.0
2025-09-08,12.2,0.0,41.53575615474795,180.0
2025-09-09,13.3,0.0,41.53575615474795,180.0
2025-09-10,15.4,0.0,41.53575615474795,180.0
2025-09-11,16.3,0.0,41.53575615474795,180.0
2025-09-12,14.1,0.0,41.53575615474795,180.0
2025-09-13,17.1,0.0,41.53575615474795,180.0
2025-09-14,17.3,0.0,41.53575615474795,180.0
2025-09-15,16.7,0.0,41.53575615474795,180.0
2025-09-16,16.7,0.0,41.53575615474795,180.0
2025-09-17,17.4,0.0,41.53575615474795,180.0
2025-09-18,19.2,0.0,37.0,180.0
2025-09-19,13.6,0.0,41.53575615474795,180.0
2025-09-20,10.1,0.0,41.53575615474795,180.0
2025-09-21,12.9,0.0,41.53575615474795,180.0
2025-09-22,17.1,8.6,41.53575615474795,180.0
2025-09-23,19.9,0.0,41.53575615474795,180.0
2025-09-24,20.1,0.0,33.0,180.0
2025-09-25,16.2,13.8,41.53575615474795,180.0
2025-09-26,17.7,0.0,34.0,180.0
2025-09-27,17.0,0.0,41.53575615474795,180.0
2025-09-28,18.4,0.0,34.0,180.0
2025-09-29,19.7,0.0,31.0,180.0
2025-09-30,15.5,0.0,33.0,180.0
2025-10-01,11.8,0.0,41.53575615474795,180.0
2025-10-02,10.8,0.0,41.53575615474795,180.0
2025-10-03,14.7,0.0,41.53575615474795,180.0
2025-10-04,18.3,0.0,41.53575615474795,180.0
2025-10-05,21.2,0.0,33.0,180.0
2025-10-06,19.6,0.0,43.0,180.0
2025-10-07,15.6,23.5,41.53575615474795,180.0
2025-10-08,8.6,0.0,42.0,180.0
2025-10-09,5.6,0.0,41.53575615474795,180.0
2025-10-10,6.6,0.0,33.0,180.0
2025-10-11,12.0,0.0,41.53575615474795,180.0
2025-10-12,13.7,0.0,37.0,180.0
2025-10-13,13.0,0.0,38.0,180.0
2025-10-14,15.1,0.0,33.0,180.0
2025-10-15,8.0,0.0,33.0,180.0
2025-10-16,7.5,0.0,46.0,180.0
2025-10-17,5.8,0.4,41.53575615474795,180.0
2025-10-18,13.5,0.0,41.53575615474795,180.0
2025-10-19,17.3,0.0,46.0,180.0
2025-10-20,14.1,31.0,39.0,180.0
2025-10-21,10.9,0.1,33.0,180.0
2025-10-22,8.9,4.8,41.53575615474795,180.0
2025-10-23,6.5,1.1,34.0,180.0
2025-10-24,6.3,0.1,41.53575615474795,180.0
2025-10-25,4.6,0.0,41.53575615474795,180.0
2025-10-26,4.0,0.0,41.53575615474795,180.0
2025-10-27,5.4,0.0,41.53575615474795,180.0
2025-10-28,5.8,0.0,41.53575615474795,180.0
2025-10-29,5.0,0.0,41.53575615474795,180.0
2025-10-30,4.3,41.3,42.0,180.0
2025-10-31,5.3,17.2,51.0,180.0
2025-11-01,4.8,0.0,38.0,180.0
2025-11-02,5.4,0.0,31.0,180.0
2025-11-03,6.6,2.0,59.0,180.0
2025-11-04,7.7,0.0,53.0,180.0
2025-11-05,2.9,7.1,41.53575615474795,180.0
2025-11-06,0.0,0.0,43.0,180.0
2025-11-07,3.0,8.1,32.0,180.0
2025-11-08,3.7,0.2,48.0,180.0
2025-11-09,-1.7,9.5,36.0,180.0
2025-11-10,-2.3,0.5,41.53575615474795,180.0
2025-11-11,-1.6,0.3,43.0,180.0
2025-11-12,0.0,2.1,41.53575615474795,180.0
2025-11-13,2.9,0.0,31.0,180.0
2025-11-14,0.7,1.5,33.0,180.0
2025-11-15,-3.2,11.4,41.53575615474795,180.0
2025-11-16,0.1,2.9,52.0,180.0
2025-11-17,-1.3,0.0,50.0,180.0
2025-11-18,-3.3,0.0,35.0,180.0
2025-11-19,-2.0,0.0,41.53575615474795,180.0
2025-11-20,-3.7,0.0,41.53575615474795,180.0
2025-11-21,1.0,4.0,41.53575615474795,180.0
2025-11-22,-0.1,0.0,33.0,180.0
2025-11-23,-2.2,4.2,41.53575615474795,180.0
2025-11-24,1.5,0.2,41.53575615474795,180.0
2025-11-25,3.4,2.0,41.53575615474795,180.0
2025-11-26,3.5,11.4,53.0,180.0
2025-11-27,1.5,0.1,47.0,180.0
2025-11-28,-1.7,0.0,47.0,180.0
2025-11-29,-3.2,0.0,42.0,180.0
2025-11-30,-0.9,5.7,42.0,180.0
2025-12-01,-6.2,0.0,49.0,180.0
2025-12-02,-9.1,0.0,41.53575615474795,180.0
2025-12-03,-6.4,0.0,40.0,180.0
2025-12-04,-9.4,0.0,61.0,180.0
2025-12-05,-14.1,0.0,41.53575615474795,180.0
2025-12-06,-4.6,0.8,40.0,180.0
2025-12-07,-12.2,2.6,37.0,180.0
2025-12-08,-17.1,0.0,37.0,180.0
2025-12-09,-15.6,1.7,41.53575615474795,180.0
2025-12-10,-6.0,7.2,41.53575615474795,180.0
2025-12-11,-8.6,0.1,46.0,180.0
2025-12-12,-11.4,0.0,43.0,180.0
2025-12-13,-9.7,4.5,47.0,180.0
2025-12-14,-11.7,0.0,35.0,180.0
2025-12-15,-10.7,0.0,41.53575615474795,180.0
2025-12-16,-3.9,0.0,40.0,180.0
2025-12-17,-2.5,0.7,37.0,180.0
2025-12-18,-1.9,0.0,36.0,180.0
2025-12-19,1.6,7.4,68.0,180.0
2025-12-20,-4.6,0.4,56.0,180.0
2025-12-21,-4.8,0.0,62.0,180.0
2025-12-22,-9.3,2.1,41.53575615474795,180.0
2025-12-23,-6.8,7.8,41.53575615474795,180.0
2025-12-24,-6.0,0.1,39.0,180.0
2025-12-25,-10.7,2.2,47.0,180.0
2025-12-26,-17.0,1.1,44.0,180.0
2025-12-27,-12.5,0.2,37.0,180.0
2025-12-28,-11.6,0.3,38.0,180.0
2025-12-29,-3.6,5.7,57.0,180.0
2025-12-30,-12.6,0.0,58.0,180.0
2025-12-31,-11.7,2.5,41.53575615474795,180.0
2026-01-01,-16.6,0.3,40.0,180.0
2026-01-02,-17.0,0.0,41.53575615474795,180.0
2026-01-03,-13.5,0.2,41.53575615474795,180.0
2026-01-04,-16.1,0.0,41.53575615474795,180.0
2026-01-05,-13.7,3.3,32.0,180.0
2026-01-06,-8.2,1.8,31.0,180.0
2026-01-07,-2.2,1.7,31.0,180.0
2026-01-08,0.9,0.0,41.53575615474795,180.0
2026-01-09,3.1,2.5,62.0,180.0
2026-01-10,0.5,8.3,44.0,180.0
2026-01-11,-3.9,0.8,49.0,180.0
2026-01-12,-4.6,1.5,37.0,180.0
2026-01-13,1.0,2.2,40.0,180.0
2026-01-14,-1.8,1.5,42.0,180.0
2026-01-15,-11.7,11.3,42.0,180.0
2026-01-16,-17.5,1.3,31.0,180.0
2026-01-17,-6.5,0.9,60.0,180.0
2026-01-18,-7.9,0.0,46.0,180.0
2026-01-19,-9.2,1.6,46.0,180.0
2026-01-20,-13.8,0.0,50.0,180.0
2026-01-21,-8.8,1.4,33.0,180.0
2026-01-22,-6.1,0.9,45.0,180.0
2026-01-23,-16.7,0.0,53.0,180.0
2026-01-24,-23.9,0.0,41.53575615474795,180.0
2026-01-25,-21.3,4.6,38.0,180.0
2026-01-26,-15.7,3.9,41.53575615474795,180.0
2026-01-27,-14.9,2.1,41.53575615474795,180.0
2026-01-28,-15.1,0.0,41.53575615474795,180.0
2026-01-29,-17.8,0.0,38.0,180.0
2026-01-30,-18.8,0.0,32.0,180.0
2026-01-31,-14.5,0.0,41.53575615474795,180.0
2026-02-01,-11.4,0.0,41.53575615474795,180.0
2026-02-02,-9.8,0.0,41.53575615474795,180.0
2026-02-03,-11.7,0.8,41.53575615474795,180.0
2026-02-04,-8.8,0.0,31.0,180.0
2026-02-05,-12.4,0.0,41.53575615474795,180.0
2026-02-06,,0.0,41.53575615474795,180.0
2026-02-07,,0.0,41.53575615474795,180.0
2026-02-08,,0.0,41.53575615474795,180.0
2026-02-09,,0.0,41.53575615474795,180.0
2026-02-10,,0.0,41.53575615474795,180.0
2026-02-11,,0.0,41.53575615474795,180.0
2026-02-12,,0.0,41.53575615474795,180.0
2026-02-13,,0.0,41.53575615474795,180.0
2026-02-14,,0.0,41.53575615474795,180.0
2026-02-15,,0.0,41.53575615474795,180.0
2026-02-16,,0.0,41.53575615474795,180.0
2026-02-17,,0.0,41.53575615474795,180.0
2026-02-18,,0.0,41.53575615474795,180.0
2026-02-19,,0.0,41.53575615474795,180.0
2026-02-20,,0.0,41.53575615474795,180.0
2026-02-21,,0.0,41.53575615474795,180.0
2026-02-22,,0.0,41.53575615474795,180.0
2026-02-23,,0.0,41.53575615474795,180.0
2026-02-24,,0.0,41.53575615474795,180.0
2026-02-25,,0.0,41.53575615474795,180.0
2026-02-26,,0.0,41.53575615474795,180.0
2026-02-27,,0.0,41.53575615474795,180.0
2026-02-28,,0.0,41.53575615474795,180.0
2026-03-01,,0.0,41.53575615474795,180.0
2026-03-02,,0.0,41.53575615474795,180.0
2026-03-03,,0.0,41.53575615474795,180.0
2026-03-04,,0.0,41.53575615474795,180.0
2026-03-05,,0.0,41.53575615474795,180.0
2026-03-06,,0.0,41.53575615474795,180.0
2026-03-07,,0.0,41.53575615474795,180.0
2026-03-08,,0.0,41.53575615474795,180.0
2026-03-09,,0.0,41.53575615474795,180.0
2026-03-10,,0.0,41.53575615474795,180.0
2026-03-11,,0.0,41.53575615474795,180.0
2026-03-12,,0.0,41.53575615474795,180.0
2026-03-13,,0.0,41.53575615474795,180.0
2026-03-14,,0.0,41.53575615474795,180.0
2026-03-15,,0.0,41.53575615474795,180.0
2026-03-16,,0.0,41.53575615474795,180.0
2026-03-17,,0.0,41.53575615474795,180.0
2026-03-18,,0.0,41.53575615474795,180.0
2026-03-19,,0.0,41.53575615474795,180.0
2026-03-20,,0.0,41.53575615474795,180.0
2026-03-21,,0.0,41.53575615474795,180.0
2026-03-22,,0.0,41.53575615474795,180.0
2026-03-23,,0.0,41.53575615474795,180.0
2026-03-24,,0.0,41.53575615474795,180.0
2026-03-25,,0.0,41.53575615474795,180.0
2026-03-26,,0.0,41.53575615474795,180.0
2026-03-27,,0.0,41.53575615474795,180.0
2026-03-28,,0.0,41.53575615474795,180.0
2026-03-29,,0.0,41.53575615474795,180.0
2026-03-30,,0.0,41.53575615474795,180.0
2026-03-31,,0.0,41.53575615474795,180.0
2026-04-01,,0.0,41.53575615474795,180.0
2026-04-02,,0.0,41.53575615474795,180.0
2026-04-03,,0.0,41.53575615474795,180.0
2026-04-04,,0.0,41.53575615474795,180.0
2026-04-05,,0.0,41.53575615474795,180.0
2026-04-06,,0.0,41.53575615474795,180.0
2026-04-07,,0.0,41.53575615474795,180.0
2026-04-08,,0.0,41.53575615474795,180.0
2026-04-09,,0.0,41.53575615474795,180.0
2026-04-10,,0.0,41.53575615474795,180.0
2026-04-11,,0.0,41.53575615474795,180.0
2026-04-12,,0.0,41.53575615474795,180.0
2026-04-13,,0.0,41.53575615474795,180.0
2026-04-14,,0.0,41.53575615474795,180.0
2026-04-15,,0.0,41.53575615474795,180.0
2026-04-16,,0.0,41.53575615474795,180.0
2026-04-17,,0.0,41.53575615474795,180.0
2026-04-18,,0.0,41.53575615474795,180.0
2026-04-19,,0.0,41.53575615474795,180.0
2026-04-20,,0.0,41.53575615474795,180.0
2026-04-21,,0.0,41.53575615474795,180.0
2026-04-22,,0.0,41.53575615474795,180.0
2026-04-23,,0.0,41.53575615474795,180.0
2026-04-24,,0.0,41.53575615474795,180.0
2026-04-25,,0.0,41.53575615474795,180.0
2026-04-26,,0.0,41.53575615474795,180.0
2026-04-27,,0.0,41.53575615474795,180.0
2026-04-28,,0.0,41.53575615474795,180.0
2026-04-29,,0.0,41.53575615474795,180.0
2026-04-30,,0.0,41.53575615474795,180.0
2026-05-01,,0.0,41.53575615474795,180.0
2026-05-02,,0.0,41.53575615474795,180.0
2026-05-03,,0.0,41.53575615474795,180.0
2026-05-04,,0.0,41.53575615474795,180.0
2026-05-05,,0.0,41.53575615474795,180.0
2026-05-06,,0.0,41.53575615474795,180.0
2026-05-07,,0.0,41.53575615474795,180.0
2026-05-08,,0.0,41.53575615474795,180.0
2026-05-09,,0.0,41.53575615474795,180.0
2026-05-10,,0.0,41.53575615474795,180.0
2026-05-11,,0.0,41.53575615474795,180.0
2026-05-12,,0.0,41.53575615474795,180.0
2026-05-13,,0.0,41.53575615474795,180.0
2026-05-14,,0.0,41.53575615474795,180.0
2026-05-15,,0.0,41.53575615474795,180.0
2026-05-16,,0.0,41.53575615474795,180.0
2026-05-17,,0.0,41.53575615474795,180.0
2026-05-18,,0.0,41.53575615474795,180.0
2026-05-19,,0.0,41.53575615474795,180.0
2026-05-20,,0.0,41.53575615474795,180.0
2026-05-21,,0.0,41.53575615474795,180.0
2026-05-22,,0.0,41.53575615474795,180.0
2026-05-23,,0.0,41.53575615474795,180.0
2026-05-24,,0.0,41.53575615474795,180.0
2026-05-25,,0.0,41.53575615474795,180.0
2026-05-26,,0.0,41.53575615474795,180.0
2026-05-27,,0.0,41.53575615474795,180.0
2026-05-28,,0.0,41.53575615474795,180.0
2026-05-29,,0.0,41.53575615474795,180.0
2026-05-30,,0.0,41.53575615474795,180.0
2026-05-31,,0.0,41.53575615474795,180.0
2026-06-01,,0.0,41.53575615474795,180.0
2026-06-02,,0.0,41.53575615474795,180.0
2026-06-03,,0.0,41.53575615474795,180.0
2026-06-04,,0.0,41.53575615474795,180.0
2026-06-05,,0.0,41.53575615474795,180.0
2026-06-06,,0.0,41.53575615474795,180.0
2026-06-07,,0.0,41.53575615474795,180.0
2026-06-08,,0.0,41.53575615474795,180.0
2026-06-09,,0.0,41.53575615474795,180.0
2026-06-10,,0.0,41.53575615474795,180.0
2026-06-11,,0.0,41.53575615474795,180.0
2026-06-12,,0.0,41.53575615474795,180.0
2026-06-13,,0.0,41.53575615474795,180.0
2026-06-14,,0.0,41.53575615474795,180.0
2026-06-15,,0.0,41.53575615474795,180.0
2026-06-16,,0.0,41.53575615474795,180.0
2026-06-17,,0.0,41.53575615474795,180.0
2026-06-18,,0.0,41.53575615474795,180.0
2026-06-19,,0.0,41.53575615474795,180.0
2026-06-20,,0.0,41.53575615474795,180.0
2026-06-21,,0.0,41.53575615474795,180.0
2026-06-22,,0.0,41.53575615474795,180.0
2026-06-23,,0.0,41.53575615474795,180.0
2026-06-24,,0.0,41.53575615474795,180.0
2026-06-25,,0.0,41.53575615474795,180.0
2026-06-26,,0.0,41.53575615474795,180.0
2026-06-27,,0.0,41.53575615474795,180.0
2026-06-28,,0.0,41.53575615474795,180.0
2026-06-29,,0.0,41.53575615474795,180.0
2026-06-30,,0.0,41.53575615474795,180.0
2026-07-01,,0.0,41.53575615474795,180.0
2026-07-02,,0.0,41.53575615474795,180.0
2026-07-03,,0.0,41.53575615474795,180.0
2026-07-04,,0.0,41.53575615474795,180.0
2026-07-05,,0.0,41.53575615474795,180.0
2026-07-06,,0.0,41.53575615474795,180.0
2026-07-07,,0.0,41.53575615474795,180.0
2026-07-08,,0.0,41.53575615474795,180.0
2026-07-09,,0.0,41.53575615474795,180.0
2026-07-10,,0.0,41.53575615474795,180.0
2026-07-11,,0.0,41.53575615474795,180.0
2026-07-12,,0.0,41.53575615474795,180.0
2026-07-13,,0.0,41.53575615474795,180.0
2026-07-14,,0.0,41.53575615474795,180.0
2026-07-15,,0.0,41.53575615474795,180.0
2026-07-16,,0.0,41.53575615474795,180.0
2026-07-17,,0.0,41.53575615474795,180.0
2026-07-18,,0.0,41.53575615474795,180.0
2026-07-19,,0.0,41.53575615474795,180.0
2026-07-20,,0.0,41.53575615474795,180.0
2026-07-21,,0.0,41.53575615474795,180.0
2026-07-22,,0.0,41.53575615474795,180.0
2026-07-23,,0.0,41.53575615474795,180.0
2026-07-24,,0.0,41.53575615474795,180.0
2026-07-25,,0.0,41.53575615474795,180.0
2026-07-26,,0.0,41.53575615474795,180.0
2026-07-27,,0.0,41.53575615474795,180.0
2026-07-28,,0.0,41.53575615474795,180.0
2026-07-29,,0.0,41.53575615474795,180.0
2026-07-30,,0.0,41.53575615474795,180.0
2026-07-31,,0.0,41.53575615474795,180.0
2026-08-01,,0.0,41.53575615474795,180.0
2026-08-02,,0.0,41.53575615474795,180.0
2026-08-03,,0.0,41.53575615474795,180.0
2026-08-04,,0.0,41.53575615474795,180.0
2026-08-05,,0.0,41.53575615474795,180.0
2026-08-06,,0.0,41.53575615474795,180.0
2026-08-07,,0.0,41.53575615474795,180.0
2026-08-08,,0.0,41.53575615474795,180.0
2026-08-09,,0.0,41.53575615474795,180.0
2026-08-10,,0.0,41.53575615474795,180.0
2026-08-11,,0.0,41.53575615474795,180.0
2026-08-12,,0.0,41.53575615474795,180.0
2026-08-13,,0.0,41.53575615474795,180.0
2026-08-14,,0.0,41.53575615474795,180.0
2026-08-15,,0.0,41.53575615474795,180.0
2026-08-16,,0.0,41.53575615474795,180.0
2026-08-17,,0.0,41.53575615474795,180.0
2026-08-18,,0.0,41.53575615474795,180.0
2026-08-19,,0.0,41.53575615474795,180.0
2026-08-20,,0.0,41.53575615474795,180.0
2026-08-21,,0.0,41.53575615474795,180.0
2026-08-22,,0.0,41.53575615474795,180.0
2026-08-23,,0.0,41.53575615474795,180.0
2026-08-24,,0.0,41.53575615474795,180.0
2026-08-25,,0.0,41.53575615474795,180.0
2026-08-26,,0.0,41.53575615474795,180.0
2026-08-27,,0.0,41.53575615474795,180.0
2026-08-28,,0.0,41.53575615474795,180.0
2026-08-29,,0.0,41.53575615474795,180.0
2026-08-30,,0.0,41.53575615474795,180.0
2026-08-31,,0.0,41.53575615474795,180.0
2026-09-01,,0.0,41.53575615474795,180.0
2026-09-02,,0.0,41.53575615474795,180.0
2026-09-03,,0.0,41.53575615474795,180.0
2026-09-04,,0.0,41.53575615474795,180.0
2026-09-05,,0.0,41.53575615474795,180.0
2026-09-06,,0.0,41.53575615474795,180.0
2026-09-07,,0.0,41.53575615474795,180.0
2026-09-08,,0.0,41.53575615474795,180.0
2026-09-09,,0.0,41.53575615474795,180.0
2026-09-10,,0.0,41.53575615474795,180.0
2026-09-11,,0.0,41.53575615474795,180.0
2026-09-12,,0.0,41.53575615474795,180.0
2026-09-13,,0.0,41.53575615474795,180.0
2026-09-14,,0.0,41.53575615474795,180.0
2026-09-15,,0.0,41.53575615474795,180.0
2026-09-16,,0.0,41.53575615474795,180.0
2026-09-17,,0.0,41.53575615474795,180.0
2026-09-18,,0.0,41.53575615474795,180.0
2026-09-19,,0.0,41.53575615474795,180.0
2026-09-20,,0.0,41.53575615474795,180.0
2026-09-21,,0.0,41.53575615474795,180.0
2026-09-22,,0.0,41.53575615474795,180.0
2026-09-23,,0.0,41.53575615474795,180.0
2026-09-24,,0.0,41.53575615474795,180.0
2026-09-25,,0.0,41.53575615474795,180.0
2026-09-26,,0.0,41.53575615474795,180.0
2026-09-27,,0.0,41.53575615474795,180.0
2026-09-28,,0.0,41.53575615474795,180.0
2026-09-29,,0.0,41.53575615474795,180.0
2026-09-30,,0.0,41.53575615474795,180.0
2026-10-01,,0.0,41.53575615474795,180.0
2026-10-02,,0.0,41.53575615474795,180.0
2026-10-03,,0.0,41.53575615474795,180.0
2026-10-04,,0.0,41.53575615474795,180.0
2026-10-05,,0.0,41.53575615474795,180.0
2026-10-06,,0.0,41.53575615474795,180.0
2026-10-07,,0.0,41.53575615474795,180.0
2026-10-08,,0.0,41.53575615474795,180.0
2026-10-09,,0.0,41.53575615474795,180.0
2026-10-10,,0.0,41.53575615474795,180.0
2026-10-11,,0.0,41.53575615474795,180.0
2026-10-12,,0.0,41.53575615474795,180.0
2026-10-13,,0.0,41.53575615474795,180.0
2026-10-14,,0.0,41.53575615474795,180.0
2026-10-15,,0.0,41.53575615474795,180.0
2026-10-16,,0.0,41.53575615474795,180.0
2026-10-17,,0.0,41.53575615474795,180.0
2026-10-18,,0.0,41.53575615474795,180.0
2026-10-19,,0.0,41.53575615474795,180.0
2026-10-20,,0.0,41.53575615474795,180.0
2026-10-21,,0.0,41.53575615474795,180.0
2026-10-22,,0.0,41.53575615474795,180.0
2026-10-23,,0.0,41.53575615474795,180.0
2026-10-24,,0.0,41.53575615474795,180.0
2026-10-25,,0.0,41.53575615474795,180.0
2026-10-26,,0.0,41.53575615474795,180.0
2026-10-27,,0.0,41.53575615474795,180.0
2026-10-28,,0.0,41.53575615474795,180.0
2026-10-29,,0.0,41.53575615474795,180.0
2026-10-30,,0.0,41.53575615474795,180.0
2026-10-31,,0.0,41.53575615474795,180.0
2026-11-01,,0.0,41.53575615474795,180.0
2026-11-02,,0.0,41.53575615474795,180.0
2026-11-03,,0.0,41.53575615474795,180.0
2026-11-04,,0.0,41.53575615474795,180.0
2026-11-05,,0.0,41.53575615474795,180.0
2026-11-06,,0.0,41.53575615474795,180.0
2026-11-07,,0.0,41.53575615474795,180.0
2026-11-08,,0.0,41.53575615474795,180.0
2026-11-09,,0.0,41.53575615474795,180.0
2026-11-10,,0.0,41.53575615474795,180.0
2026-11-11,,0.0,41.53575615474795,180.0
2026-11-12,,0.0,41.53575615474795,180.0
2026-11-13,,0.0,41.53575615474795,180.0
2026-11-14,,0.0,41.53575615474795,180.0
2026-11-15,,0.0,41.53575615474795,180.0
2026-11-16,,0.0,41.53575615474795,180.0
2026-11-17,,0.0,41.53575615474795,180.0
2026-11-18,,0.0,41.53575615474795,180.0
2026-11-19,,0.0,41.53575615474795,180.0
2026-11-20,,0.0,41.53575615474795,180.0
2026-11-21,,0.0,41.53575615474795,180.0
2026-11-22,,0.0,41.53575615474795,180.0
2026-11-23,,0.0,41.53575615474795,180.0
2026-11-24,,0.0,41.53575615474795,180.0
2026-11-25,,0.0,41.53575615474795,180.0
2026-11-26,,0.0,41.53575615474795,180.0
2026-11-27,,0.0,41.53575615474795,180.0
2026-11-28,,0.0,41.53575615474795,180.0
2026-11-29,,0.0,41.53575615474795,180.0
2026-11-30,,0.0,41.53575615474795,180.0
2026-12-01,,0.0,41.53575615474795,180.0
2026-12-02,,0.0,41.53575615474795,180.0
2026-12-03,,0.0,41.53575615474795,180.0
2026-12-04,,0.0,41.53575615474795,180.0
2026-12-05,,0.0,41.53575615474795,180.0
2026-12-06,,0.0,41.53575615474795,180.0
2026-12-07,,0.0,41.53575615474795,180.0
2026-12-08,,0.0,41.53575615474795,180.0
2026-12-09,,0.0,41.53575615474795,180.0
2026-12-10,,0.0,41.53575615474795,180.0
2026-12-11,,0.0,41.53575615474795,180.0
2026-12-12,,0.0,41.53575615474795,180.0
2026-12-13,,0.0,41.53575615474795,180.0
2026-12-14,,0.0,41.53575615474795,180.0
2026-12-15,,0.0,41.53575615474795,180.0
2026-12-16,,0.0,41.53575615474795,180.0
2026-12-17,,0.0,41.53575615474795,180.0
2026-12-18,,0.0,41.53575615474795,180.0
2026-12-19,,0.0,41.53575615474795,180.0
2026-12-20,,0.0,41.53575615474795,180.0
2026-12-21,,0.0,41.53575615474795,180.0
2026-12-22,,0.0,41.53575615474795,180.0
2026-12-23,,0.0,41.53575615474795,180.0
2026-12-24,,0.0,41.53575615474795,180.0
2026-12-25,,0.0,41.53575615474795,180.0
2026-12-26,,0.0,41.53575615474795,180.0
2026-12-27,,0.0,41.53575615474795,180.0
2026-12-28,,0.0,41.53575615474795,180.0
2026-12-29,,0.0,41.53575615474795,180.0
2026-12-30,,0.0,41.53575615474795,180.0
2026-12-31,,0.0,41.53575615474795,180.0
